{"music.game":{"replace":true,"sounds":[{"name":"music/game/minecraft","stream":true},{"name":"music/game/clark","stream":true},{"name":"music/game/sweden","stream":true},{"name":"music/game/subwoofer_lullaby","stream":true},{"name":"music/game/living_mice","stream":true},{"name":"music/game/haggstrom","stream":true},{"name":"music/game/danny","stream":true},{"name":"music/game/key","stream":true},{"name":"music/game/oxygene","stream":true},{"name":"music/game/dry_hands","stream":true},{"name":"music/game/wet_hands","stream":true},{"name":"music/game/mice_on_venus","stream":true}]},"music.menu":{"replace":true,"sounds":[{"name":"music/menu/mutation","stream":true},{"name":"music/menu/moog_city_2","stream":true},{"name":"music/menu/beginning_2","stream":true},{"name":"music/menu/floating_trees","stream":true}]},"music.nether.basalt_deltas":{"replace":true,"sounds":[{"name":"music.nether.nether_wastes","type":"event"}]},"music.nether.crimson_forest":{"replace":true,"sounds":[{"name":"music.nether.nether_wastes","type":"event"}]},"music.nether.nether_wastes":{"replace":true,"sounds":[{"name":"music/game/nether/concrete_halls","stream":true},{"name":"music/game/nether/dead_voxel","stream":true},{"name":"music/game/nether/warmth","stream":true},{"name":"music/game/nether/ballad_of_the_cats","stream":true}]},"music.nether.soul_sand_valley":{"replace":true,"sounds":[{"name":"music.nether.nether_wastes","type":"event"}]},"music.nether.warped_forest":{"replace":true,"sounds":[{"name":"music.nether.nether_wastes","type":"event"}]},"music.overworld.badlands":{"replace":true,"sounds":[{"name":"music.game","type":"event"}]},"music.overworld.bamboo_jungle":{"replace":true,"sounds":[{"name":"music.game","type":"event"}]},"music.overworld.cherry_grove":{"replace":true,"sounds":[{"name":"music.game","type":"event"}]},"music.overworld.deep_dark":{"replace":true,"sounds":[]},"music.overworld.desert":{"replace":true,"sounds":[{"name":"music.game","type":"event"}]},"music.overworld.dripstone_caves":{"replace":true,"sounds":[{"name":"music.game","type":"event"}]},"music.overworld.flower_forest":{"replace":true,"sounds":[{"name":"music.game","type":"event"}]},"music.overworld.forest":{"replace":true,"sounds":[{"name":"music.game","type":"event"}]},"music.overworld.frozen_peaks":{"replace":true,"sounds":[{"name":"music.game","type":"event"}]},"music.overworld.grove":{"replace":true,"sounds":[{"name":"music.game","type":"event"}]},"music.overworld.jagged_peaks":{"replace":true,"sounds":[{"name":"music.game","type":"event"}]},"music.overworld.jungle":{"replace":true,"sounds":[{"name":"music.game","type":"event"}]},"music.overworld.lush_caves":{"replace":true,"sounds":[{"name":"music.game","type":"event"}]},"music.overworld.meadow":{"replace":true,"sounds":[{"name":"music.game","type":"event"}]},"music.overworld.old_growth_taiga":{"replace":true,"sounds":[{"name":"music.game","type":"event"}]},"music.overworld.snowy_slopes":{"replace":true,"sounds":[{"name":"music.game","type":"event"}]},"music.overworld.sparse_jungle":{"replace":true,"sounds":[{"name":"music.game","type":"event"}]},"music.overworld.stony_peaks":{"replace":true,"sounds":[{"name":"music.game","type":"event"}]},"music.overworld.swamp":{"replace":true,"sounds":[{"name":"music.game","type":"event"}]}}