{
	"credit": "Made with Blockbench",
	"textures": {
		"2": "create_new_age:block/heat_pipe"
	},
	"elements": [
		{
			"from": [8.55, 6, 1],
			"to": [11.55, 10, 3],
			"rotation": {"angle": 0, "axis": "y", "origin": [8.05, 8, 2]},
			"faces": {
				"east": {"uv": [3, 12, 7, 10], "rotation": 90, "texture": "#2"},
				"west": {"uv": [3, 10, 7, 12], "rotation": 90, "texture": "#2"},
				"up": {"uv": [3, 12, 0, 10], "texture": "#2"},
				"down": {"uv": [3, 10, 0, 12], "texture": "#2"}
			}
		},
		{
			"from": [4, 5, 0],
			"to": [12, 11, 1],
			"rotation": {"angle": 0, "axis": "y", "origin": [8.05, 8.5, 2]},
			"faces": {
				"north": {"uv": [8, 0, 16, 6], "texture": "#2"},
				"east": {"uv": [8, 0, 9, 6], "texture": "#2"},
				"south": {"uv": [16, 6, 8, 12], "texture": "#2"},
				"west": {"uv": [15, 0, 16, 6], "texture": "#2"},
				"up": {"uv": [16, 1, 8, 0], "texture": "#2"},
				"down": {"uv": [16, 5, 8, 6], "texture": "#2"}
			}
		},
		{
			"from": [4, 5, 3],
			"to": [12, 11, 4],
			"rotation": {"angle": 0, "axis": "y", "origin": [8.05, 8, 2]},
			"faces": {
				"north": {"uv": [16, 6, 8, 12], "texture": "#2"},
				"east": {"uv": [8, 0, 9, 6], "texture": "#2"},
				"south": {"uv": [8, 0, 16, 6], "texture": "#2"},
				"west": {"uv": [15, 0, 16, 6], "texture": "#2"},
				"up": {"uv": [8, 1, 16, 0], "texture": "#2"},
				"down": {"uv": [8, 5, 16, 6], "texture": "#2"}
			}
		},
		{
			"from": [4, 7.5, 1],
			"to": [12, 8.5, 3],
			"rotation": {"angle": 0, "axis": "y", "origin": [8.05, 8, 2]},
			"faces": {
				"east": {"uv": [0, 10, 1, 8], "rotation": 90, "texture": "#2"},
				"west": {"uv": [7, 8, 8, 10], "rotation": 90, "texture": "#2"},
				"up": {"uv": [0, 10, 8, 8], "texture": "#2"},
				"down": {"uv": [8, 8, 0, 10], "texture": "#2"}
			}
		},
		{
			"from": [4.55, 6, 1],
			"to": [7.55, 10, 3],
			"rotation": {"angle": 0, "axis": "y", "origin": [8.05, 8, 2]},
			"faces": {
				"east": {"uv": [3, 12, 7, 10], "rotation": 90, "texture": "#2"},
				"west": {"uv": [3, 10, 7, 12], "rotation": 90, "texture": "#2"},
				"up": {"uv": [3, 12, 0, 10], "texture": "#2"},
				"down": {"uv": [3, 10, 0, 12], "texture": "#2"}
			}
		}
	]
}