{
	"credit": "Made with Blockbench",
	"parent": "block/block",
	"render_type": "minecraft:cutout",
	"texture_size": [32, 32],
	"textures": {
		"1": "create_new_age:block/electrical_connector",
		"particle": "create:block/industrial_iron_block"
	},
	"elements": [
		{
			"from": [6.5, 10, 6.5],
			"to": [9.5, 11, 9.5],
			"faces": {
				"north": {"uv": [9.5, 2.5, 11, 3], "texture": "#1"},
				"east": {"uv": [9.5, 1.5, 10, 3], "rotation": 270, "texture": "#1"},
				"south": {"uv": [9.5, 1.5, 11, 2], "rotation": 180, "texture": "#1"},
				"west": {"uv": [10.5, 1.5, 11, 3], "rotation": 90, "texture": "#1"},
				"up": {"uv": [11, 1.5, 9.5, 0], "texture": "#1"}
			}
		},
		{
			"from": [6, 5, 6],
			"to": [10, 10, 10],
			"faces": {
				"north": {"uv": [11, 0, 13, 2.5], "texture": "#1"},
				"east": {"uv": [11, 0, 13, 2.5], "texture": "#1"},
				"south": {"uv": [11, 0, 13, 2.5], "texture": "#1"},
				"west": {"uv": [11, 0, 13, 2.5], "texture": "#1"},
				"up": {"uv": [15, 2, 13, 0], "texture": "#1"}
			}
		},
		{
			"from": [5.5, 3, 5.5],
			"to": [10.5, 4, 10.5],
			"shade": false,
			"faces": {
				"north": {"uv": [11, 2.5, 13.5, 3], "texture": "#1"},
				"east": {"uv": [11, 2.5, 13.5, 3], "texture": "#1"},
				"south": {"uv": [11, 2.5, 13.5, 3], "texture": "#1"},
				"west": {"uv": [11, 2.5, 13.5, 3], "texture": "#1"}
			}
		},
		{
			"from": [7, 1, 4],
			"to": [9, 2, 12],
			"faces": {
				"north": {"uv": [10.5, 6, 10, 5], "rotation": 90, "texture": "#1"},
				"east": {"uv": [14, 5.5, 10, 5], "texture": "#1"},
				"south": {"uv": [13.5, 5, 14, 6], "rotation": 90, "texture": "#1"},
				"west": {"uv": [10, 5.5, 14, 6], "texture": "#1"},
				"up": {"uv": [14, 6, 10, 5], "rotation": 270, "texture": "#1"},
				"down": {"uv": [14, 6, 10, 7], "rotation": 90, "texture": "#1"}
			}
		},
		{
			"from": [5, 4, 5],
			"to": [11, 5, 11],
			"faces": {
				"north": {"uv": [3.5, 6, 6.5, 5.5], "texture": "#1"},
				"east": {"uv": [4, 6, 3.5, 3], "rotation": 90, "texture": "#1"},
				"south": {"uv": [6.5, 3.5, 3.5, 3], "texture": "#1"},
				"west": {"uv": [6.5, 6, 6, 3], "rotation": 270, "texture": "#1"},
				"up": {"uv": [6.5, 3, 3.5, 0], "texture": "#1"},
				"down": {"uv": [6.5, 3, 3.5, 6], "texture": "#1"}
			}
		},
		{
			"from": [4.5, 2, 4.5],
			"to": [11.5, 3, 11.5],
			"faces": {
				"north": {"uv": [0, 6.5, 3.5, 7], "texture": "#1"},
				"east": {"uv": [0, 7, 0.5, 3.5], "rotation": 90, "texture": "#1"},
				"south": {"uv": [3.5, 3.5, 0, 4], "texture": "#1"},
				"west": {"uv": [3, 3.5, 3.5, 7], "rotation": 90, "texture": "#1"},
				"up": {"uv": [3.5, 3.5, 0, 0], "texture": "#1"},
				"down": {"uv": [3.5, 3.5, 0, 7], "texture": "#1"}
			}
		},
		{
			"from": [6, 0, 6],
			"to": [10, 1, 10],
			"faces": {
				"north": {"uv": [9.5, 4.5, 11.5, 5], "texture": "#1"},
				"east": {"uv": [9.5, 3, 10, 5], "rotation": 90, "texture": "#1"},
				"south": {"uv": [9.5, 3, 11.5, 3.5], "texture": "#1"},
				"west": {"uv": [11, 3, 11.5, 5], "rotation": 90, "texture": "#1"},
				"down": {"uv": [13.5, 3, 11.5, 5], "texture": "#1", "cullface": "down"}
			}
		},
		{
			"from": [5, 1.025, 5],
			"to": [11, 2.025, 11],
			"faces": {
				"north": {"uv": [6.5, 2.5, 9.5, 3], "texture": "#1"},
				"east": {"uv": [7, 3, 6.5, 0], "rotation": 90, "texture": "#1"},
				"south": {"uv": [9.5, 0, 6.5, 0.5], "texture": "#1"},
				"west": {"uv": [9, 0, 9.5, 3], "rotation": 90, "texture": "#1"},
				"down": {"uv": [9.5, 3, 6.5, 6], "texture": "#1"}
			}
		},
		{
			"from": [4, 1, 7],
			"to": [12, 2, 9],
			"faces": {
				"north": {"uv": [10.5, 6, 10, 5], "rotation": 90, "texture": "#1"},
				"east": {"uv": [10.5, 6, 10, 5], "rotation": 90, "texture": "#1"},
				"south": {"uv": [13.5, 5, 14, 6], "rotation": 90, "texture": "#1"},
				"west": {"uv": [13.5, 5, 14, 6], "rotation": 90, "texture": "#1"},
				"up": {"uv": [14, 6, 10, 5], "rotation": 180, "texture": "#1"},
				"down": {"uv": [10, 7, 14, 6], "rotation": 180, "texture": "#1"}
			}
		},
		{
			"name": "l",
			"from": [11.42505, 1.88544, 7.5],
			"to": [11.42505, 4.88544, 8.5],
			"shade": false,
			"rotation": {"angle": 22.5, "axis": "z", "origin": [11.42505, 3.38544, 8]},
			"faces": {
				"north": {"uv": [12.5, 12.5, 12.75, 14], "texture": "#1"},
				"east": {"uv": [9.5, 5, 10, 6.5], "texture": "#1"},
				"south": {"uv": [0, 13, 0.25, 14.5], "texture": "#1"},
				"west": {"uv": [6.5, 5, 7, 6.5], "texture": "#1"},
				"up": {"uv": [2.25, 10, 2, 9.5], "texture": "#1"},
				"down": {"uv": [4.75, 11, 4.5, 11.5], "texture": "#1"}
			}
		},
		{
			"name": "l",
			"from": [7.5, 0.50277, 11.52514],
			"to": [8.5, 3.50277, 11.52514],
			"shade": false,
			"rotation": {"angle": -22.5, "axis": "x", "origin": [7.5, 2.44252, 7.99954]},
			"faces": {
				"north": {"uv": [6.5, 5, 7, 6.5], "texture": "#1"},
				"east": {"uv": [0, 13, 0.25, 14.5], "texture": "#1"},
				"south": {"uv": [9.5, 5, 10, 6.5], "texture": "#1"},
				"west": {"uv": [12.5, 12.5, 12.75, 14], "texture": "#1"},
				"up": {"uv": [2.25, 10, 2, 9.5], "rotation": 270, "texture": "#1"},
				"down": {"uv": [4.75, 11, 4.5, 11.5], "rotation": 90, "texture": "#1"}
			}
		},
		{
			"name": "l",
			"from": [7.49954, 0.5028, 4.47455],
			"to": [8.49954, 3.5028, 4.47455],
			"shade": false,
			"rotation": {"angle": 22.5, "axis": "x", "origin": [7.99954, 2.44291, 8]},
			"faces": {
				"north": {"uv": [9.5, 5, 10, 6.5], "texture": "#1"},
				"east": {"uv": [0, 13, 0.25, 14.5], "texture": "#1"},
				"south": {"uv": [6.5, 5, 7, 6.5], "texture": "#1"},
				"west": {"uv": [12.5, 12.5, 12.75, 14], "texture": "#1"},
				"up": {"uv": [2.25, 10, 2, 9.5], "rotation": 270, "texture": "#1"},
				"down": {"uv": [4.75, 11, 4.5, 11.5], "rotation": 90, "texture": "#1"}
			}
		},
		{
			"name": "l",
			"from": [4.6113, 0.56843, 7.5],
			"to": [4.6113, 3.56843, 8.5],
			"shade": false,
			"rotation": {"angle": -22.5, "axis": "z", "origin": [7.90415, 2.82082, 8]},
			"faces": {
				"north": {"uv": [12.5, 12.5, 12.75, 14], "texture": "#1"},
				"east": {"uv": [6.5, 5, 7, 6.5], "texture": "#1"},
				"south": {"uv": [0, 13, 0.25, 14.5], "texture": "#1"},
				"west": {"uv": [9.5, 5, 10, 6.5], "texture": "#1"},
				"up": {"uv": [2.25, 10, 2, 9.5], "texture": "#1"},
				"down": {"uv": [4.75, 11, 4.5, 11.5], "texture": "#1"}
			}
		},
		{
			"from": [4, 5, 8],
			"to": [12, 11, 8],
			"shade": false,
			"faces": {
				"north": {"uv": [0, 7, 4, 10], "texture": "#1"},
				"south": {"uv": [0, 7, 4, 10], "texture": "#1"}
			}
		},
		{
			"from": [8, 5, 4],
			"to": [8, 11, 12],
			"shade": false,
			"faces": {
				"east": {"uv": [0, 7, 4, 10], "texture": "#1"},
				"west": {"uv": [0, 7, 4, 10], "texture": "#1"}
			}
		}
	],
	"display": {
		"thirdperson_righthand": {
			"rotation": [75, 45, 0],
			"translation": [0, 2, 2],
			"scale": [0.6, 0.6, 0.6]
		},
		"firstperson_righthand": {
			"rotation": [0, 45, 0],
			"translation": [0, 3, 0],
			"scale": [0.6, 0.6, 0.6]
		},
		"firstperson_lefthand": {
			"rotation": [0, 225, 0],
			"translation": [0, 3, 0],
			"scale": [0.6, 0.6, 0.6]
		},
		"ground": {
			"translation": [0, 3.5, 0],
			"scale": [0.75, 0.75, 0.75]
		},
		"gui": {
			"rotation": [30, 225, 0],
			"translation": [0, 2, 0]
		},
		"fixed": {
			"translation": [0, 2, 0]
		}
	}
}