{
	"credit": "Made with Blockbench",
	"parent": "block/block",
	"textures": {
		"2": "create_new_age:block/heat_pipe",
		"particle": "create_new_age:block/heat_pipe"
	},
	"elements": [
		{
			"from": [4, 4, 4],
			"to": [12, 12, 12],
			"faces": {
				"north": {"uv": [0, 0, 8, 8], "texture": "#2"},
				"east": {"uv": [0, 0, 8, 8], "texture": "#2"},
				"south": {"uv": [0, 0, 8, 8], "texture": "#2"},
				"west": {"uv": [0, 0, 8, 8], "texture": "#2"},
				"up": {"uv": [0, 0, 8, 8], "texture": "#2"},
				"down": {"uv": [0, 0, 8, 8], "texture": "#2"}
			}
		},
		{
			"from": [8.55, 6, 1],
			"to": [11.55, 10, 3],
			"rotation": {"angle": 0, "axis": "y", "origin": [8.05, 8, 2]},
			"faces": {
				"east": {"uv": [3, 12, 7, 10], "rotation": 90, "texture": "#2"},
				"west": {"uv": [3, 10, 7, 12], "rotation": 90, "texture": "#2"},
				"up": {"uv": [3, 12, 0, 10], "texture": "#2"},
				"down": {"uv": [3, 10, 0, 12], "texture": "#2"}
			}
		},
		{
			"from": [4, 5, 0],
			"to": [12, 11, 1],
			"rotation": {"angle": 0, "axis": "y", "origin": [8.05, 8.5, 2]},
			"faces": {
				"north": {"uv": [8, 0, 16, 6], "texture": "#2"},
				"east": {"uv": [8, 0, 9, 6], "texture": "#2"},
				"south": {"uv": [16, 6, 8, 12], "texture": "#2"},
				"west": {"uv": [15, 0, 16, 6], "texture": "#2"},
				"up": {"uv": [16, 1, 8, 0], "texture": "#2"},
				"down": {"uv": [16, 5, 8, 6], "texture": "#2"}
			}
		},
		{
			"from": [4, 5, 3],
			"to": [12, 11, 4],
			"rotation": {"angle": 0, "axis": "y", "origin": [8.05, 8, 2]},
			"faces": {
				"north": {"uv": [16, 6, 8, 12], "texture": "#2"},
				"east": {"uv": [8, 0, 9, 6], "texture": "#2"},
				"south": {"uv": [8, 0, 16, 6], "texture": "#2"},
				"west": {"uv": [15, 0, 16, 6], "texture": "#2"},
				"up": {"uv": [8, 1, 16, 0], "texture": "#2"},
				"down": {"uv": [8, 5, 16, 6], "texture": "#2"}
			}
		},
		{
			"from": [4, 7.5, 1],
			"to": [12, 8.5, 3],
			"rotation": {"angle": 0, "axis": "y", "origin": [8.05, 8, 2]},
			"faces": {
				"east": {"uv": [0, 10, 1, 8], "rotation": 90, "texture": "#2"},
				"west": {"uv": [7, 8, 8, 10], "rotation": 90, "texture": "#2"},
				"up": {"uv": [0, 10, 8, 8], "texture": "#2"},
				"down": {"uv": [8, 8, 0, 10], "texture": "#2"}
			}
		},
		{
			"from": [4.55, 6, 1],
			"to": [7.55, 10, 3],
			"rotation": {"angle": 0, "axis": "y", "origin": [8.05, 8, 2]},
			"faces": {
				"east": {"uv": [3, 12, 7, 10], "rotation": 90, "texture": "#2"},
				"west": {"uv": [3, 10, 7, 12], "rotation": 90, "texture": "#2"},
				"up": {"uv": [3, 12, 0, 10], "texture": "#2"},
				"down": {"uv": [3, 10, 0, 12], "texture": "#2"}
			}
		},
		{
			"from": [4.55, 6, 13],
			"to": [7.55, 10, 15],
			"rotation": {"angle": 0, "axis": "y", "origin": [8.05, 8, 14]},
			"faces": {
				"east": {"uv": [3, 10, 7, 12], "rotation": 90, "texture": "#2"},
				"west": {"uv": [3, 12, 7, 10], "rotation": 90, "texture": "#2"},
				"up": {"uv": [3, 12, 0, 10], "rotation": 180, "texture": "#2"},
				"down": {"uv": [3, 10, 0, 12], "rotation": 180, "texture": "#2"}
			}
		},
		{
			"from": [4.1, 5, 15],
			"to": [12.1, 11, 16],
			"rotation": {"angle": 0, "axis": "y", "origin": [8.05, 8, 14]},
			"faces": {
				"north": {"uv": [16, 6, 8, 12], "texture": "#2"},
				"east": {"uv": [15, 0, 16, 6], "texture": "#2"},
				"south": {"uv": [8, 0, 16, 6], "texture": "#2"},
				"west": {"uv": [8, 0, 9, 6], "texture": "#2"},
				"up": {"uv": [16, 1, 8, 0], "rotation": 180, "texture": "#2"},
				"down": {"uv": [16, 5, 8, 6], "rotation": 180, "texture": "#2"}
			}
		},
		{
			"from": [4.1, 5, 12],
			"to": [12.1, 11, 13],
			"rotation": {"angle": 0, "axis": "y", "origin": [8.05, 8, 14]},
			"faces": {
				"north": {"uv": [8, 0, 16, 6], "texture": "#2"},
				"east": {"uv": [15, 0, 16, 6], "texture": "#2"},
				"south": {"uv": [16, 6, 8, 12], "texture": "#2"},
				"west": {"uv": [8, 0, 9, 6], "texture": "#2"},
				"up": {"uv": [8, 1, 16, 0], "rotation": 180, "texture": "#2"},
				"down": {"uv": [8, 5, 16, 6], "rotation": 180, "texture": "#2"}
			}
		},
		{
			"from": [4.1, 7.5, 13],
			"to": [12.1, 8.5, 15],
			"rotation": {"angle": 0, "axis": "y", "origin": [8.05, 8, 14]},
			"faces": {
				"east": {"uv": [7, 8, 8, 10], "rotation": 90, "texture": "#2"},
				"west": {"uv": [0, 10, 1, 8], "rotation": 90, "texture": "#2"},
				"up": {"uv": [0, 10, 8, 8], "rotation": 180, "texture": "#2"},
				"down": {"uv": [8, 8, 0, 10], "rotation": 180, "texture": "#2"}
			}
		},
		{
			"from": [8.55, 6, 13],
			"to": [11.55, 10, 15],
			"rotation": {"angle": 0, "axis": "y", "origin": [8.05, 8, 14]},
			"faces": {
				"east": {"uv": [3, 10, 7, 12], "rotation": 90, "texture": "#2"},
				"west": {"uv": [3, 12, 7, 10], "rotation": 90, "texture": "#2"},
				"up": {"uv": [3, 12, 0, 10], "rotation": 180, "texture": "#2"},
				"down": {"uv": [3, 10, 0, 12], "rotation": 180, "texture": "#2"}
			}
		}
	],
	"groups": [
		{
			"name": "center",
			"origin": [8, 8, 8],
			"color": 0,
			"children": [0]
		},
		1,
		2,
		3,
		4,
		5,
		6,
		7,
		8,
		9,
		10
	]
}