{
	"credit": "Made with Blockbench",
	"parent": "minecraft:block/block",
	"texture_size": [32, 32],
	"textures": {
		"0": "create_new_age:block/stirling_engine",
		"1": "create:block/axis",
		"2": "create:block/axis_top"
	},
	"elements": [
		{
			"name": "Axis",
			"from": [6, 6, 0],
			"to": [10, 10, 16],
			"faces": {
				"north": {"uv": [6, 6, 10, 10], "rotation": 180, "texture": "#2"},
				"east": {"uv": [6, 0, 10, 16], "rotation": 90, "texture": "#1"},
				"south": {"uv": [6, 6, 10, 10], "texture": "#2"},
				"west": {"uv": [6, 0, 10, 16], "rotation": 270, "texture": "#1"},
				"up": {"uv": [6, 0, 10, 16], "texture": "#1"},
				"down": {"uv": [6, 0, 10, 16], "rotation": 180, "texture": "#1"}
			}
		},
		{
			"from": [2, 0, 0],
			"to": [14, 3, 16],
			"faces": {
				"north": {"uv": [0.016, 1.516, 5.984, 2.984], "texture": "#0", "cullface": "up"},
				"east": {"uv": [0.016, 0.016, 7.984, 1.484], "texture": "#0"},
				"south": {"uv": [0.016, 1.516, 5.984, 2.984], "texture": "#0", "cullface": "down"},
				"west": {"uv": [0.016, 0.016, 7.984, 1.484], "texture": "#0"},
				"up": {"uv": [5.984, 10.984, 0.016, 3.016], "texture": "#0"},
				"down": {"uv": [5.984, 3.016, 0.016, 10.984], "texture": "#0", "cullface": "north"}
			}
		},
		{
			"from": [3, 3, 1],
			"to": [13, 12, 15],
			"faces": {
				"north": {"uv": [0.016, 11.016, 4.984, 15.484], "texture": "#0"},
				"east": {"uv": [5.016, 11.016, 11.984, 15.484], "rotation": 180, "texture": "#0"},
				"south": {"uv": [0.016, 15.484, 4.984, 11.016], "rotation": 180, "texture": "#0"},
				"west": {"uv": [5.016, 11.016, 11.984, 15.484], "texture": "#0"},
				"up": {"uv": [12.984, 10.984, 6.016, 6.016], "rotation": 90, "texture": "#0"}
			}
		},
		{
			"from": [5, 12, 2],
			"to": [11, 14, 14],
			"faces": {
				"north": {"uv": [8.984, 4.984, 6.016, 4.016], "rotation": 180, "texture": "#0"},
				"east": {"uv": [6.016, 5.016, 11.984, 5.984], "texture": "#0"},
				"south": {"uv": [6.016, 4.016, 8.984, 4.984], "texture": "#0"},
				"west": {"uv": [11.984, 5.984, 6.016, 5.016], "rotation": 180, "texture": "#0"},
				"up": {"uv": [13.984, 2.984, 8.016, 0.016], "rotation": 90, "texture": "#0"}
			}
		},
		{
			"from": [6, 14, 3],
			"to": [10, 16, 7],
			"faces": {
				"north": {"uv": [15.984, 2.984, 14.016, 2.016], "rotation": 180, "texture": "#0"},
				"east": {"uv": [14.016, 2.016, 15.984, 2.984], "texture": "#0"},
				"south": {"uv": [15.984, 2.016, 14.016, 2.984], "texture": "#0"},
				"west": {"uv": [14.016, 2.984, 15.984, 2.016], "rotation": 180, "texture": "#0"},
				"up": {"uv": [15.984, 1.984, 14.016, 0.016], "texture": "#0", "cullface": "south"}
			}
		},
		{
			"from": [6, 14, 9],
			"to": [10, 16, 13],
			"faces": {
				"north": {"uv": [15.984, 2.984, 14.016, 2.016], "rotation": 180, "texture": "#0"},
				"east": {"uv": [14.016, 2.016, 15.984, 2.984], "texture": "#0"},
				"south": {"uv": [15.984, 2.016, 14.016, 2.984], "texture": "#0"},
				"west": {"uv": [14.016, 2.984, 15.984, 2.016], "rotation": 180, "texture": "#0"},
				"up": {"uv": [15.984, 1.984, 14.016, 0.016], "texture": "#0", "cullface": "south"}
			}
		},
		{
			"from": [13, 9.5, 9],
			"to": [15, 9.5, 13],
			"shade": false,
			"faces": {
				"up": {"uv": [6.016, 1.516, 7.984, 2.484], "rotation": 90, "texture": "#0"},
				"down": {"uv": [6.016, 1.516, 7.984, 2.484], "rotation": 270, "texture": "#0"}
			}
		},
		{
			"from": [13, 5.5, 9],
			"to": [15, 5.5, 13],
			"shade": false,
			"faces": {
				"up": {"uv": [6.016, 1.516, 7.984, 2.484], "rotation": 90, "texture": "#0"},
				"down": {"uv": [6.016, 1.516, 7.984, 2.484], "rotation": 270, "texture": "#0"}
			}
		},
		{
			"from": [13, 9.5, 3],
			"to": [15, 9.5, 7],
			"shade": false,
			"faces": {
				"up": {"uv": [6.016, 1.516, 7.984, 2.484], "rotation": 90, "texture": "#0"},
				"down": {"uv": [6.016, 1.516, 7.984, 2.484], "rotation": 270, "texture": "#0"}
			}
		},
		{
			"from": [13, 5.5, 3],
			"to": [15, 5.5, 7],
			"shade": false,
			"faces": {
				"up": {"uv": [6.016, 1.516, 7.984, 2.484], "rotation": 90, "texture": "#0"},
				"down": {"uv": [6.016, 1.516, 7.984, 2.484], "rotation": 270, "texture": "#0"}
			}
		},
		{
			"from": [13.5, 3.5, 3.5],
			"to": [14.5, 11.5, 4.5],
			"faces": {
				"north": {"uv": [6.016, 3.016, 9.984, 3.484], "rotation": 270, "texture": "#0"},
				"east": {"uv": [6.016, 3.016, 9.984, 3.484], "rotation": 90, "texture": "#0"},
				"south": {"uv": [9.984, 3.016, 6.016, 3.484], "rotation": 90, "texture": "#0"},
				"west": {"uv": [6.016, 3.016, 9.984, 3.484], "rotation": 270, "texture": "#0"},
				"up": {"uv": [6.016, 2.516, 6.484, 2.984], "texture": "#0"},
				"down": {"uv": [6.016, 2.516, 6.484, 2.984], "rotation": 180, "texture": "#0"}
			}
		},
		{
			"from": [12.5, 3.5, 3.5],
			"to": [13.5, 4.5, 4.5],
			"faces": {
				"north": {"uv": [6.016, 2.516, 6.484, 2.984], "texture": "#0"},
				"east": {"uv": [6.016, 2.516, 6.484, 2.984], "rotation": 270, "texture": "#0"},
				"south": {"uv": [6.016, 2.516, 6.484, 2.984], "rotation": 180, "texture": "#0"},
				"west": {"uv": [6.016, 2.516, 6.484, 2.984], "rotation": 90, "texture": "#0"},
				"up": {"uv": [6.016, 2.516, 6.484, 2.984], "rotation": 180, "texture": "#0"},
				"down": {"uv": [6.016, 2.516, 6.484, 2.984], "texture": "#0"}
			}
		},
		{
			"from": [12.5, 10.5, 3.5],
			"to": [13.5, 11.5, 4.5],
			"faces": {
				"north": {"uv": [6.016, 2.516, 6.484, 2.984], "texture": "#0"},
				"east": {"uv": [6.016, 2.516, 6.484, 2.984], "rotation": 270, "texture": "#0"},
				"south": {"uv": [6.016, 2.516, 6.484, 2.984], "rotation": 180, "texture": "#0"},
				"west": {"uv": [6.016, 2.516, 6.484, 2.984], "rotation": 90, "texture": "#0"},
				"up": {"uv": [6.016, 2.516, 6.484, 2.984], "rotation": 180, "texture": "#0"},
				"down": {"uv": [6.016, 2.516, 6.484, 2.984], "texture": "#0"}
			}
		},
		{
			"from": [12.5, 3.5, 5.5],
			"to": [13.5, 4.5, 6.5],
			"faces": {
				"north": {"uv": [6.016, 2.516, 6.484, 2.984], "texture": "#0"},
				"east": {"uv": [6.016, 2.516, 6.484, 2.984], "rotation": 270, "texture": "#0"},
				"south": {"uv": [6.016, 2.516, 6.484, 2.984], "rotation": 180, "texture": "#0"},
				"west": {"uv": [6.016, 2.516, 6.484, 2.984], "rotation": 90, "texture": "#0"},
				"up": {"uv": [6.016, 2.516, 6.484, 2.984], "rotation": 180, "texture": "#0"},
				"down": {"uv": [6.016, 2.516, 6.484, 2.984], "texture": "#0"}
			}
		},
		{
			"from": [13.5, 3.5, 5.5],
			"to": [14.5, 11.5, 6.5],
			"faces": {
				"north": {"uv": [6.016, 3.016, 9.984, 3.484], "rotation": 270, "texture": "#0"},
				"east": {"uv": [6.016, 3.016, 9.984, 3.484], "rotation": 90, "texture": "#0"},
				"south": {"uv": [9.984, 3.016, 6.016, 3.484], "rotation": 90, "texture": "#0"},
				"west": {"uv": [6.016, 3.016, 9.984, 3.484], "rotation": 270, "texture": "#0"},
				"up": {"uv": [6.016, 2.516, 6.484, 2.984], "texture": "#0"},
				"down": {"uv": [6.016, 2.516, 6.484, 2.984], "rotation": 180, "texture": "#0"}
			}
		},
		{
			"from": [12.5, 10.5, 5.5],
			"to": [13.5, 11.5, 6.5],
			"faces": {
				"north": {"uv": [6.016, 2.516, 6.484, 2.984], "texture": "#0"},
				"east": {"uv": [6.016, 2.516, 6.484, 2.984], "rotation": 270, "texture": "#0"},
				"south": {"uv": [6.016, 2.516, 6.484, 2.984], "rotation": 180, "texture": "#0"},
				"west": {"uv": [6.016, 2.516, 6.484, 2.984], "rotation": 90, "texture": "#0"},
				"up": {"uv": [6.016, 2.516, 6.484, 2.984], "rotation": 180, "texture": "#0"},
				"down": {"uv": [6.016, 2.516, 6.484, 2.984], "texture": "#0"}
			}
		},
		{
			"from": [12.5, 3.5, 9.5],
			"to": [13.5, 4.5, 10.5],
			"faces": {
				"north": {"uv": [6.016, 2.516, 6.484, 2.984], "texture": "#0"},
				"east": {"uv": [6.016, 2.516, 6.484, 2.984], "rotation": 270, "texture": "#0"},
				"south": {"uv": [6.016, 2.516, 6.484, 2.984], "rotation": 180, "texture": "#0"},
				"west": {"uv": [6.016, 2.516, 6.484, 2.984], "rotation": 90, "texture": "#0"},
				"up": {"uv": [6.016, 2.516, 6.484, 2.984], "rotation": 180, "texture": "#0"},
				"down": {"uv": [6.016, 2.516, 6.484, 2.984], "texture": "#0"}
			}
		},
		{
			"from": [13.5, 3.5, 9.5],
			"to": [14.5, 11.5, 10.5],
			"faces": {
				"north": {"uv": [6.016, 3.016, 9.984, 3.484], "rotation": 270, "texture": "#0"},
				"east": {"uv": [6.016, 3.016, 9.984, 3.484], "rotation": 90, "texture": "#0"},
				"south": {"uv": [9.984, 3.016, 6.016, 3.484], "rotation": 90, "texture": "#0"},
				"west": {"uv": [6.016, 3.016, 9.984, 3.484], "rotation": 270, "texture": "#0"},
				"up": {"uv": [6.016, 2.516, 6.484, 2.984], "texture": "#0"},
				"down": {"uv": [6.016, 2.516, 6.484, 2.984], "rotation": 180, "texture": "#0"}
			}
		},
		{
			"from": [12.5, 10.5, 9.5],
			"to": [13.5, 11.5, 10.5],
			"faces": {
				"north": {"uv": [6.016, 2.516, 6.484, 2.984], "texture": "#0"},
				"east": {"uv": [6.016, 2.516, 6.484, 2.984], "rotation": 270, "texture": "#0"},
				"south": {"uv": [6.016, 2.516, 6.484, 2.984], "rotation": 180, "texture": "#0"},
				"west": {"uv": [6.016, 2.516, 6.484, 2.984], "rotation": 90, "texture": "#0"},
				"up": {"uv": [6.016, 2.516, 6.484, 2.984], "rotation": 180, "texture": "#0"},
				"down": {"uv": [6.016, 2.516, 6.484, 2.984], "texture": "#0"}
			}
		},
		{
			"from": [12.5, 3.5, 11.5],
			"to": [13.5, 4.5, 12.5],
			"faces": {
				"north": {"uv": [6.016, 2.516, 6.484, 2.984], "texture": "#0"},
				"east": {"uv": [6.016, 2.516, 6.484, 2.984], "rotation": 270, "texture": "#0"},
				"south": {"uv": [6.016, 2.516, 6.484, 2.984], "rotation": 180, "texture": "#0"},
				"west": {"uv": [6.016, 2.516, 6.484, 2.984], "rotation": 90, "texture": "#0"},
				"up": {"uv": [6.016, 2.516, 6.484, 2.984], "rotation": 180, "texture": "#0"},
				"down": {"uv": [6.016, 2.516, 6.484, 2.984], "texture": "#0"}
			}
		},
		{
			"from": [13.5, 3.5, 11.5],
			"to": [14.5, 11.5, 12.5],
			"faces": {
				"north": {"uv": [6.016, 3.016, 9.984, 3.484], "rotation": 270, "texture": "#0"},
				"east": {"uv": [6.016, 3.016, 9.984, 3.484], "rotation": 90, "texture": "#0"},
				"south": {"uv": [9.984, 3.016, 6.016, 3.484], "rotation": 90, "texture": "#0"},
				"west": {"uv": [6.016, 3.016, 9.984, 3.484], "rotation": 270, "texture": "#0"},
				"up": {"uv": [6.016, 2.516, 6.484, 2.984], "texture": "#0"},
				"down": {"uv": [6.016, 2.516, 6.484, 2.984], "rotation": 180, "texture": "#0"}
			}
		},
		{
			"from": [12.5, 10.5, 11.5],
			"to": [13.5, 11.5, 12.5],
			"faces": {
				"north": {"uv": [6.016, 2.516, 6.484, 2.984], "texture": "#0"},
				"east": {"uv": [6.016, 2.516, 6.484, 2.984], "rotation": 270, "texture": "#0"},
				"south": {"uv": [6.016, 2.516, 6.484, 2.984], "rotation": 180, "texture": "#0"},
				"west": {"uv": [6.016, 2.516, 6.484, 2.984], "rotation": 90, "texture": "#0"},
				"up": {"uv": [6.016, 2.516, 6.484, 2.984], "rotation": 180, "texture": "#0"},
				"down": {"uv": [6.016, 2.516, 6.484, 2.984], "texture": "#0"}
			}
		}
	]
}