{
	"credit": "Made with Blockbench",
	"parent": "block/block",
	"render_type": "cutout",
	"texture_size": [64, 64],
	"textures": {
		"2": "create_new_age:block/energiser",
		"particle": "create:block/andesite_casing"
	},
	"elements": [
		{
			"from": [5, 0, 9],
			"to": [7, 3, 11],
			"faces": {
				"north": {"uv": [14.492, 1.008, 14.008, 1.742], "texture": "#2"},
				"east": {"uv": [14.008, 1.008, 14.492, 1.742], "texture": "#2"},
				"south": {"uv": [13.508, 1.008, 13.992, 1.742], "texture": "#2"},
				"west": {"uv": [13.992, 1.008, 13.508, 1.742], "texture": "#2"}
			}
		},
		{
			"from": [9, 0, 9],
			"to": [11, 3, 11],
			"faces": {
				"north": {"uv": [14.008, 1.008, 14.492, 1.742], "texture": "#2"},
				"east": {"uv": [13.508, 1.008, 13.992, 1.742], "texture": "#2"},
				"south": {"uv": [13.992, 1.008, 13.508, 1.742], "texture": "#2"},
				"west": {"uv": [14.492, 1.008, 14.008, 1.742], "texture": "#2"}
			}
		},
		{
			"from": [9, 0, 5],
			"to": [11, 3, 7],
			"faces": {
				"north": {"uv": [13.508, 1.008, 13.992, 1.742], "texture": "#2"},
				"east": {"uv": [13.992, 1.008, 13.508, 1.742], "texture": "#2"},
				"south": {"uv": [14.492, 1.008, 14.008, 1.742], "texture": "#2"},
				"west": {"uv": [14.008, 1.008, 14.492, 1.742], "texture": "#2"}
			}
		},
		{
			"from": [5, 0, 5],
			"to": [7, 3, 7],
			"faces": {
				"north": {"uv": [13.992, 1.008, 13.508, 1.742], "texture": "#2"},
				"east": {"uv": [14.492, 1.008, 14.008, 1.742], "texture": "#2"},
				"south": {"uv": [14.008, 1.008, 14.492, 1.742], "texture": "#2"},
				"west": {"uv": [13.508, 1.008, 13.992, 1.742], "texture": "#2"}
			}
		},
		{
			"from": [4, -0.999, 4],
			"to": [12, 0.001, 12],
			"faces": {
				"north": {"uv": [10.758, 2.258, 12.742, 2.492], "texture": "#2"},
				"east": {"uv": [12.508, 2.492, 12.742, 0.508], "rotation": 90, "texture": "#2"},
				"south": {"uv": [10.758, 0.508, 12.742, 0.742], "texture": "#2"},
				"west": {"uv": [10.758, 0.508, 10.992, 2.492], "rotation": 90, "texture": "#2"},
				"up": {"uv": [12.742, 0.508, 10.758, 2.492], "rotation": 180, "texture": "#2"},
				"down": {"uv": [12.742, 2.492, 10.758, 0.508], "rotation": 180, "texture": "#2"}
			}
		},
		{
			"from": [6, -8, 6],
			"to": [10, -4, 10],
			"faces": {
				"north": {"uv": [13.508, 0.008, 14.492, 0.992], "rotation": 180, "texture": "#2"},
				"east": {"uv": [13.508, 0.008, 14.492, 0.992], "rotation": 180, "texture": "#2"},
				"south": {"uv": [13.508, 0.008, 14.492, 0.992], "rotation": 180, "texture": "#2"},
				"west": {"uv": [13.508, 0.008, 14.492, 0.992], "rotation": 180, "texture": "#2"},
				"up": {"uv": [14.492, 0.992, 13.508, 0.008], "texture": "#2"},
				"down": {"uv": [14.492, 0.008, 13.508, 0.992], "texture": "#2"}
			}
		},
		{
			"from": [7, -4, 7],
			"to": [9, 3, 9],
			"faces": {
				"north": {"uv": [14.508, 0.008, 14.992, 1.742], "texture": "#2"},
				"east": {"uv": [14.508, 0.008, 14.992, 1.742], "texture": "#2"},
				"south": {"uv": [14.508, 0.008, 14.992, 1.742], "texture": "#2"},
				"west": {"uv": [14.508, 0.008, 14.992, 1.742], "texture": "#2"}
			}
		},
		{
			"from": [0, 14, 0],
			"to": [16, 16, 16],
			"faces": {
				"north": {"uv": [0.008, 0.008, 3.992, 0.492], "texture": "#2", "cullface": "north"},
				"east": {"uv": [0.008, 0.008, 3.992, 0.492], "texture": "#2", "cullface": "east"},
				"south": {"uv": [0.008, 0.008, 3.992, 0.492], "texture": "#2", "cullface": "south"},
				"west": {"uv": [0.008, 0.008, 3.992, 0.492], "texture": "#2", "cullface": "west"},
				"up": {"uv": [3.992, 3.992, 0.008, 0.008], "texture": "#2", "cullface": "up"},
				"down": {"uv": [3.992, 0.008, 0.008, 3.992], "texture": "#2"}
			}
		},
		{
			"from": [14, 2, 2],
			"to": [16, 4, 14],
			"faces": {
				"east": {"uv": [0.508, 3.508, 3.492, 3.992], "texture": "#2", "cullface": "east"},
				"west": {"uv": [0.508, 3.508, 3.492, 3.992], "texture": "#2"},
				"up": {"uv": [0.492, 3.492, 0.008, 0.508], "texture": "#2", "cullface": "east"},
				"down": {"uv": [0.492, 0.508, 0.008, 3.492], "texture": "#2"}
			}
		},
		{
			"from": [0, 2, 2],
			"to": [2, 4, 14],
			"faces": {
				"east": {"uv": [0.508, 3.508, 3.492, 3.992], "texture": "#2"},
				"west": {"uv": [0.508, 3.508, 3.492, 3.992], "texture": "#2", "cullface": "west"},
				"up": {"uv": [3.992, 3.492, 3.508, 0.508], "texture": "#2", "cullface": "west"},
				"down": {"uv": [3.992, 0.508, 3.508, 3.492], "texture": "#2"}
			}
		},
		{
			"from": [1, 8, 2],
			"to": [2, 10, 14],
			"faces": {
				"west": {"uv": [0.508, 0.492, 3.492, 0.008], "texture": "#2", "cullface": "west"},
				"up": {"uv": [0.508, 0.492, 3.492, 0.258], "rotation": 90, "texture": "#2", "cullface": "west"},
				"down": {"uv": [3.492, 0.242, 0.508, 0.008], "rotation": 90, "texture": "#2", "cullface": "west"}
			}
		},
		{
			"from": [14, 8, 2],
			"to": [15, 10, 14],
			"faces": {
				"east": {"uv": [0.508, 0.492, 3.492, 0.008], "texture": "#2", "cullface": "east"},
				"up": {"uv": [3.492, 0.492, 0.508, 0.258], "rotation": 90, "texture": "#2", "cullface": "east"},
				"down": {"uv": [0.508, 0.242, 3.492, 0.008], "rotation": 90, "texture": "#2", "cullface": "east"}
			}
		},
		{
			"from": [2, 3, 1],
			"to": [14, 14, 15],
			"faces": {
				"north": {"uv": [7.008, 0.008, 9.992, 2.742], "texture": "#2"},
				"east": {"uv": [3.758, 0.008, 7.242, 2.742], "texture": "#2", "cullface": "east"},
				"south": {"uv": [7.008, 0.008, 9.992, 2.742], "texture": "#2"},
				"west": {"uv": [3.758, 0.008, 7.242, 2.742], "texture": "#2", "cullface": "west"},
				"down": {"uv": [10.008, 2.992, 13.492, 0.008], "rotation": 90, "texture": "#2"}
			}
		},
		{
			"from": [0, 2, 0],
			"to": [2, 14, 2],
			"faces": {
				"north": {"uv": [3.508, 1.008, 3.992, 3.992], "texture": "#2", "cullface": "north"},
				"east": {"uv": [3.508, 1.008, 3.992, 3.992], "texture": "#2"},
				"south": {"uv": [0.008, 1.008, 0.492, 3.992], "texture": "#2"},
				"west": {"uv": [0.008, 1.008, 0.492, 3.992], "texture": "#2", "cullface": "west"},
				"down": {"uv": [0.008, 3.508, 0.492, 3.992], "texture": "#2"}
			}
		},
		{
			"from": [14, 2, 14],
			"to": [16, 14, 16],
			"faces": {
				"north": {"uv": [0.008, 1.008, 0.492, 3.992], "texture": "#2"},
				"east": {"uv": [0.008, 1.008, 0.492, 3.992], "texture": "#2", "cullface": "east"},
				"south": {"uv": [3.508, 1.008, 3.992, 3.992], "texture": "#2", "cullface": "south"},
				"west": {"uv": [3.508, 1.008, 3.992, 3.992], "texture": "#2"},
				"down": {"uv": [3.508, 0.008, 3.992, 0.492], "texture": "#2"}
			}
		},
		{
			"from": [14, 2, 0],
			"to": [16, 14, 2],
			"faces": {
				"north": {"uv": [0.008, 1.008, 0.492, 3.992], "texture": "#2", "cullface": "north"},
				"east": {"uv": [3.508, 1.008, 3.992, 3.992], "texture": "#2", "cullface": "east"},
				"south": {"uv": [3.508, 1.008, 3.992, 3.992], "texture": "#2"},
				"west": {"uv": [0.008, 1.008, 0.492, 3.992], "texture": "#2"},
				"down": {"uv": [3.508, 3.508, 3.992, 3.992], "texture": "#2"}
			}
		},
		{
			"from": [0, 2, 14],
			"to": [2, 14, 16],
			"faces": {
				"north": {"uv": [3.508, 1.008, 3.992, 3.992], "texture": "#2"},
				"east": {"uv": [0.008, 1.008, 0.492, 3.992], "texture": "#2"},
				"south": {"uv": [0.008, 1.008, 0.492, 3.992], "texture": "#2", "cullface": "south"},
				"west": {"uv": [3.508, 1.008, 3.992, 3.992], "texture": "#2", "cullface": "west"},
				"down": {"uv": [0.008, 0.008, 0.492, 0.492], "texture": "#2"}
			}
		},
		{
			"from": [13.5, 10.5, 6],
			"to": [15.5, 12.5, 8],
			"faces": {
				"north": {"uv": [4.008, 3.008, 4.492, 3.492], "texture": "#2", "cullface": "east"},
				"east": {"uv": [4.008, 2.508, 4.492, 2.992], "texture": "#2", "cullface": "east"},
				"south": {"uv": [4.992, 2.508, 4.508, 2.992], "texture": "#2", "cullface": "east"},
				"up": {"uv": [4.992, 2.992, 4.508, 2.508], "texture": "#2", "cullface": "east"},
				"down": {"uv": [4.008, 3.008, 4.492, 3.492], "texture": "#2", "cullface": "east"}
			}
		},
		{
			"from": [13.5, 4.5, 11],
			"to": [15.5, 6.5, 13],
			"faces": {
				"north": {"uv": [4.508, 2.508, 4.992, 2.992], "texture": "#2", "cullface": "east"},
				"east": {"uv": [4.008, 2.508, 4.492, 2.992], "texture": "#2", "cullface": "east"},
				"south": {"uv": [4.992, 2.508, 4.508, 2.992], "texture": "#2", "cullface": "east"},
				"up": {"uv": [4.992, 2.992, 4.508, 2.508], "texture": "#2", "cullface": "east"},
				"down": {"uv": [4.008, 3.008, 4.492, 3.492], "texture": "#2", "cullface": "east"}
			}
		},
		{
			"from": [14, 11, 5],
			"to": [15, 12, 6],
			"faces": {
				"north": {"uv": [4.258, 2.508, 4.492, 2.742], "texture": "#2", "cullface": "east"},
				"east": {"uv": [4.008, 2.508, 4.242, 2.742], "texture": "#2", "cullface": "east"},
				"south": {"uv": [4.258, 2.508, 4.492, 2.742], "texture": "#2", "cullface": "east"},
				"west": {"uv": [4.258, 2.508, 4.492, 2.742], "texture": "#2", "cullface": "east"},
				"up": {"uv": [4.258, 2.508, 4.492, 2.742], "texture": "#2", "cullface": "east"},
				"down": {"uv": [4.258, 2.758, 4.492, 2.992], "texture": "#2", "cullface": "east"}
			}
		},
		{
			"from": [0.5, 5, 3],
			"to": [2.5, 7, 5],
			"faces": {
				"north": {"uv": [4.992, 2.508, 4.508, 2.992], "texture": "#2", "cullface": "west"},
				"south": {"uv": [4.508, 2.508, 4.992, 2.992], "texture": "#2", "cullface": "west"},
				"west": {"uv": [4.008, 2.508, 4.492, 2.992], "texture": "#2", "cullface": "west"},
				"up": {"uv": [4.508, 2.508, 4.992, 2.992], "texture": "#2", "cullface": "west"},
				"down": {"uv": [4.008, 3.492, 4.492, 3.008], "texture": "#2", "cullface": "west"}
			}
		},
		{
			"from": [0.5, 5, 5.5],
			"to": [2.5, 7, 7.5],
			"faces": {
				"north": {"uv": [4.992, 2.508, 4.508, 2.992], "texture": "#2", "cullface": "west"},
				"south": {"uv": [4.508, 2.508, 4.992, 2.992], "texture": "#2", "cullface": "west"},
				"west": {"uv": [4.008, 2.508, 4.492, 2.992], "texture": "#2", "cullface": "west"},
				"up": {"uv": [4.508, 2.508, 4.992, 2.992], "texture": "#2", "cullface": "west"},
				"down": {"uv": [4.008, 3.492, 4.492, 3.008], "texture": "#2", "cullface": "west"}
			}
		},
		{
			"from": [14.25, 4, 2],
			"to": [14.25, 14, 14],
			"faces": {
				"east": {"uv": [3.008, 4.008, 5.992, 6.492], "texture": "#2", "cullface": "east"},
				"west": {"uv": [5.992, 4.008, 3.008, 6.492], "texture": "#2", "cullface": "east"}
			}
		},
		{
			"from": [1.75, 4, 2],
			"to": [1.75, 14, 14],
			"faces": {
				"east": {"uv": [2.992, 4.008, 0.008, 6.492], "texture": "#2", "cullface": "west"},
				"west": {"uv": [0.008, 4.008, 2.992, 6.492], "texture": "#2", "cullface": "west"}
			}
		}
	],
	"display": {
		"thirdperson_righthand": {
			"rotation": [-180, 160, 21],
			"translation": [0.75, 2.5, -1.25],
			"scale": [0.375, 0.375, 0.375]
		},
		"thirdperson_lefthand": {
			"rotation": [75, 45, 0],
			"translation": [0, 2.5, 0],
			"scale": [0.375, 0.375, 0.375]
		},
		"firstperson_righthand": {
			"rotation": [0, 45, 0],
			"translation": [3.25, 3.5, 0],
			"scale": [0.3, 0.3, 0.3]
		},
		"firstperson_lefthand": {
			"rotation": [0, 45, 0],
			"translation": [3.25, 3.5, 0],
			"scale": [0.3, 0.3, 0.3]
		},
		"ground": {
			"translation": [0, 3, 0],
			"scale": [0.25, 0.25, 0.25]
		},
		"gui": {
			"rotation": [30, 225, 0],
			"translation": [0, 1.25, 0],
			"scale": [0.5, 0.5, 0.5]
		},
		"head": {
			"rotation": [180, 0, 0],
			"scale": [0.91, 0.91, 0.91]
		},
		"fixed": {
			"scale": [0.5, 0.5, 0.5]
		}
	}
}