{
	"credit": "Made with Blockbench",
	"parent": "block/block",
	"texture_size": [35, 35],
	"textures": {
		"0": "create_new_age:block/basic_motor",
		"particle": "create:block/andesite_casing"
	},
	"elements": [
		{
			"from": [2, 2, -0.025],
			"to": [4, 4, 14.975],
			"faces": {
				"north": {"uv": [0.92891, 9.58537, 1.81394, 8.70034], "rotation": 90, "texture": "#0", "cullface": "north"},
				"east": {"uv": [0.92891, 9.58537, 1.81394, 2.75749], "rotation": 90, "texture": "#0"},
				"south": {"uv": [0.92891, 3.64251, 1.81394, 2.75749], "rotation": 90, "texture": "#0"},
				"west": {"uv": [0.92891, 9.58537, 1.81394, 2.75749], "rotation": 90, "texture": "#0"},
				"up": {"uv": [0.89966, 2.75749, 0.01463, 9.58537], "rotation": 180, "texture": "#0"},
				"down": {"uv": [1.81394, 2.75749, 0.92891, 9.58537], "texture": "#0"}
			}
		},
		{
			"from": [12, 2, -0.025],
			"to": [14, 4, 14.975],
			"faces": {
				"north": {"uv": [1.81394, 8.70034, 0.92891, 9.58537], "texture": "#0", "cullface": "north"},
				"east": {"uv": [0.92891, 9.58537, 1.81394, 2.75749], "rotation": 90, "texture": "#0"},
				"south": {"uv": [1.81394, 2.75749, 0.92891, 3.64251], "rotation": 180, "texture": "#0"},
				"west": {"uv": [0.92891, 9.58537, 1.81394, 2.75749], "rotation": 90, "texture": "#0"},
				"up": {"uv": [0.89966, 2.75749, 0.01463, 9.58537], "texture": "#0"},
				"down": {"uv": [1.81394, 2.75749, 0.92891, 9.58537], "rotation": 180, "texture": "#0"}
			}
		},
		{
			"from": [12, 12, -0.025],
			"to": [14, 14, 14.975],
			"faces": {
				"north": {"uv": [0.92891, 9.58537, 1.81394, 8.70034], "rotation": 270, "texture": "#0", "cullface": "north"},
				"east": {"uv": [0.01463, 9.58537, 0.89966, 2.75749], "rotation": 90, "texture": "#0"},
				"south": {"uv": [0.92891, 3.64251, 1.81394, 2.75749], "rotation": 270, "texture": "#0"},
				"west": {"uv": [0.01463, 9.58537, 0.89966, 2.75749], "rotation": 90, "texture": "#0"},
				"up": {"uv": [0.89966, 2.75749, 0.01463, 9.58537], "texture": "#0"},
				"down": {"uv": [1.81394, 2.75749, 0.92891, 9.58537], "rotation": 180, "texture": "#0"}
			}
		},
		{
			"from": [5, 5, 14],
			"to": [11, 11, 16],
			"faces": {
				"east": {"uv": [9.12823, 10.52891, 6.41463, 11.41394], "rotation": 90, "texture": "#0"},
				"south": {"uv": [2.75749, 7.78606, 5.47109, 10.49966], "texture": "#0", "cullface": "south"},
				"west": {"uv": [6.41463, 11.41394, 9.12823, 10.52891], "rotation": 90, "texture": "#0"},
				"up": {"uv": [9.12823, 10.52891, 6.41463, 11.41394], "texture": "#0"},
				"down": {"uv": [6.41463, 11.41394, 9.12823, 10.52891], "texture": "#0"}
			}
		},
		{
			"from": [3, 3, 12],
			"to": [13, 13, 14],
			"faces": {
				"north": {"uv": [1.8432, 6.87177, 6.38537, 11.41394], "texture": "#0"},
				"east": {"uv": [6.38537, 6.87177, 5.50034, 11.41394], "texture": "#0"},
				"south": {"uv": [1.8432, 6.87177, 6.38537, 11.41394], "rotation": 180, "texture": "#0"},
				"west": {"uv": [2.72823, 6.87177, 1.8432, 11.41394], "texture": "#0"},
				"up": {"uv": [1.8432, 7.7568, 6.38537, 6.87177], "texture": "#0"},
				"down": {"uv": [1.8432, 10.52891, 6.38537, 11.41394], "rotation": 180, "texture": "#0"}
			}
		},
		{
			"from": [4, 4, 8],
			"to": [12, 12, 12],
			"faces": {
				"east": {"uv": [9.12823, 11.90034, 7.32891, 15.52823], "texture": "#0"},
				"west": {"uv": [7.32891, 11.90034, 9.12823, 15.52823], "texture": "#0"},
				"up": {"uv": [0.01463, 11.90034, 1.81394, 15.52823], "rotation": 90, "texture": "#0"},
				"down": {"uv": [1.81394, 11.90034, 0.01463, 15.52823], "rotation": 90, "texture": "#0"}
			}
		},
		{
			"from": [3, 3, 2],
			"to": [13, 13, 8],
			"faces": {
				"east": {"uv": [2.72823, 11.4432, 0.01463, 15.98537], "texture": "#0"},
				"south": {"uv": [2.75749, 15.98537, 7.29966, 11.4432], "rotation": 180, "texture": "#0"},
				"west": {"uv": [0.01463, 11.4432, 2.72823, 15.98537], "texture": "#0"},
				"up": {"uv": [7.32891, 11.4432, 10.04251, 15.98537], "rotation": 90, "texture": "#0"},
				"down": {"uv": [10.04251, 11.4432, 7.32891, 15.98537], "rotation": 90, "texture": "#0"}
			}
		},
		{
			"from": [3, 3, 0],
			"to": [13, 13, 2],
			"faces": {
				"north": {"uv": [6.38537, 6.87177, 1.8432, 11.41394], "texture": "#0", "cullface": "north"},
				"east": {"uv": [6.38537, 6.87177, 5.50034, 11.41394], "rotation": 180, "texture": "#0"},
				"west": {"uv": [2.72823, 6.87177, 1.8432, 11.41394], "rotation": 180, "texture": "#0"},
				"up": {"uv": [1.8432, 7.7568, 6.38537, 6.87177], "rotation": 180, "texture": "#0"},
				"down": {"uv": [1.8432, 11.41394, 6.38537, 10.52891], "rotation": 180, "texture": "#0"}
			}
		},
		{
			"from": [2, 12, -0.025],
			"to": [4, 14, 14.975],
			"faces": {
				"north": {"uv": [0.01463, 9.58537, 0.89966, 8.70034], "rotation": 90, "texture": "#0", "cullface": "north"},
				"east": {"uv": [0.01463, 9.58537, 0.89966, 2.75749], "rotation": 90, "texture": "#0"},
				"south": {"uv": [0.01463, 3.64251, 0.89966, 2.75749], "rotation": 90, "texture": "#0"},
				"west": {"uv": [0.01463, 9.58537, 0.89966, 2.75749], "rotation": 90, "texture": "#0"},
				"up": {"uv": [0.89966, 2.75749, 0.01463, 9.58537], "rotation": 180, "texture": "#0"},
				"down": {"uv": [1.81394, 2.75749, 0.92891, 9.58537], "texture": "#0"}
			}
		}
	],
	"display": {
		"thirdperson_righthand": {
			"rotation": [75, 45, 0],
			"translation": [0, 2.5, 0],
			"scale": [0.475, 0.475, 0.475]
		},
		"firstperson_righthand": {
			"rotation": [0, 45, 0],
			"scale": [0.5, 0.5, 0.5]
		},
		"firstperson_lefthand": {
			"rotation": [0, 225, 0],
			"scale": [0.5, 0.5, 0.5]
		},
		"ground": {
			"translation": [0, 3, 0],
			"scale": [0.5, 0.5, 0.5]
		},
		"gui": {
			"rotation": [30, 225, 0],
			"scale": [0.775, 0.775, 0.775]
		},
		"fixed": {
			"rotation": [0, 90, 0],
			"scale": [0.75, 0.75, 0.75]
		}
	}
}