{
	"credit": "Made with Blockbench",
	"parent": "block/block",
	"render_type": "translucent",
	"textures": {
		"2": "create_new_age:block/reactor/rod_on",
		"particle": "create_new_age:block/reactor/casing"
	},
	"elements": [
		{
			"from": [2, 9, 8],
			"to": [2.5, 9.5, 8.5],
			"shade": false,
			"faces": {
				"north": {"uv": [6, 8, 7, 9], "rotation": 180, "texture": "#2"},
				"east": {"uv": [6, 8, 7, 9], "rotation": 180, "texture": "#2"},
				"south": {"uv": [6, 8, 7, 9], "rotation": 180, "texture": "#2"},
				"west": {"uv": [6, 8, 7, 9], "rotation": 180, "texture": "#2"},
				"up": {"uv": [6, 8, 7, 9], "rotation": 180, "texture": "#2"},
				"down": {"uv": [6, 8, 7, 9], "rotation": 180, "texture": "#2"}
			}
		},
		{
			"from": [13, 6, 8],
			"to": [13.5, 6.5, 8.5],
			"shade": false,
			"faces": {
				"north": {"uv": [6, 8, 7, 9], "rotation": 180, "texture": "#2"},
				"east": {"uv": [6, 8, 7, 9], "rotation": 180, "texture": "#2"},
				"south": {"uv": [6, 8, 7, 9], "rotation": 180, "texture": "#2"},
				"west": {"uv": [6, 8, 7, 9], "rotation": 180, "texture": "#2"},
				"up": {"uv": [6, 8, 7, 9], "rotation": 180, "texture": "#2"},
				"down": {"uv": [6, 8, 7, 9], "rotation": 180, "texture": "#2"}
			}
		},
		{
			"from": [8, 5, 14],
			"to": [8.5, 5.5, 14.5],
			"shade": false,
			"faces": {
				"north": {"uv": [6, 8, 7, 9], "rotation": 180, "texture": "#2"},
				"east": {"uv": [6, 8, 7, 9], "rotation": 180, "texture": "#2"},
				"south": {"uv": [6, 8, 7, 9], "rotation": 180, "texture": "#2"},
				"west": {"uv": [6, 8, 7, 9], "rotation": 180, "texture": "#2"},
				"up": {"uv": [6, 8, 7, 9], "rotation": 180, "texture": "#2"},
				"down": {"uv": [6, 8, 7, 9], "rotation": 180, "texture": "#2"}
			}
		},
		{
			"from": [7, 4, 2],
			"to": [7.5, 4.5, 2.5],
			"shade": false,
			"faces": {
				"north": {"uv": [6, 9, 7, 10], "rotation": 180, "texture": "#2"},
				"east": {"uv": [6, 9, 7, 10], "rotation": 180, "texture": "#2"},
				"south": {"uv": [6, 9, 7, 10], "rotation": 180, "texture": "#2"},
				"west": {"uv": [6, 9, 7, 10], "rotation": 180, "texture": "#2"},
				"up": {"uv": [6, 9, 7, 10], "rotation": 180, "texture": "#2"},
				"down": {"uv": [6, 9, 7, 10], "rotation": 180, "texture": "#2"}
			}
		},
		{
			"from": [4, 11, 13],
			"to": [4.5, 11.5, 13.5],
			"shade": false,
			"faces": {
				"north": {"uv": [6, 9, 7, 10], "rotation": 180, "texture": "#2"},
				"east": {"uv": [6, 9, 7, 10], "rotation": 180, "texture": "#2"},
				"south": {"uv": [6, 9, 7, 10], "rotation": 180, "texture": "#2"},
				"west": {"uv": [6, 9, 7, 10], "rotation": 180, "texture": "#2"},
				"up": {"uv": [6, 9, 7, 10], "rotation": 180, "texture": "#2"},
				"down": {"uv": [6, 9, 7, 10], "rotation": 180, "texture": "#2"}
			}
		},
		{
			"from": [3, 7, 3],
			"to": [3.5, 7.5, 3.5],
			"shade": false,
			"faces": {
				"north": {"uv": [6, 9, 7, 10], "rotation": 180, "texture": "#2"},
				"east": {"uv": [6, 9, 7, 10], "rotation": 180, "texture": "#2"},
				"south": {"uv": [6, 9, 7, 10], "rotation": 180, "texture": "#2"},
				"west": {"uv": [6, 9, 7, 10], "rotation": 180, "texture": "#2"},
				"up": {"uv": [6, 9, 7, 10], "rotation": 180, "texture": "#2"},
				"down": {"uv": [6, 9, 7, 10], "rotation": 180, "texture": "#2"}
			}
		},
		{
			"from": [12, 10, 11],
			"to": [12.5, 10.5, 11.5],
			"shade": false,
			"faces": {
				"north": {"uv": [6, 9, 7, 10], "rotation": 180, "texture": "#2"},
				"east": {"uv": [6, 9, 7, 10], "rotation": 180, "texture": "#2"},
				"south": {"uv": [6, 9, 7, 10], "rotation": 180, "texture": "#2"},
				"west": {"uv": [6, 9, 7, 10], "rotation": 180, "texture": "#2"},
				"up": {"uv": [6, 9, 7, 10], "rotation": 180, "texture": "#2"},
				"down": {"uv": [6, 9, 7, 10], "rotation": 180, "texture": "#2"}
			}
		},
		{
			"from": [2, 5, 12],
			"to": [2.5, 5.5, 12.5],
			"shade": false,
			"faces": {
				"north": {"uv": [6, 10, 7, 11], "rotation": 180, "texture": "#2"},
				"east": {"uv": [6, 10, 7, 11], "rotation": 180, "texture": "#2"},
				"south": {"uv": [6, 10, 7, 11], "rotation": 180, "texture": "#2"},
				"west": {"uv": [6, 10, 7, 11], "rotation": 180, "texture": "#2"},
				"up": {"uv": [6, 10, 7, 11], "rotation": 180, "texture": "#2"},
				"down": {"uv": [6, 10, 7, 11], "rotation": 180, "texture": "#2"}
			}
		},
		{
			"from": [13, 10, 4],
			"to": [13.5, 10.5, 4.5],
			"shade": false,
			"faces": {
				"north": {"uv": [6, 10, 7, 11], "rotation": 180, "texture": "#2"},
				"east": {"uv": [6, 10, 7, 11], "rotation": 180, "texture": "#2"},
				"south": {"uv": [6, 10, 7, 11], "rotation": 180, "texture": "#2"},
				"west": {"uv": [6, 10, 7, 11], "rotation": 180, "texture": "#2"},
				"up": {"uv": [6, 10, 7, 11], "rotation": 180, "texture": "#2"},
				"down": {"uv": [6, 10, 7, 11], "rotation": 180, "texture": "#2"}
			}
		},
		{
			"from": [5, 12, 3],
			"to": [5.5, 12.5, 3.5],
			"shade": false,
			"faces": {
				"north": {"uv": [6, 10, 7, 11], "rotation": 180, "texture": "#2"},
				"east": {"uv": [6, 10, 7, 11], "rotation": 180, "texture": "#2"},
				"south": {"uv": [6, 10, 7, 11], "rotation": 180, "texture": "#2"},
				"west": {"uv": [6, 10, 7, 11], "rotation": 180, "texture": "#2"},
				"up": {"uv": [6, 10, 7, 11], "rotation": 180, "texture": "#2"},
				"down": {"uv": [6, 10, 7, 11], "rotation": 180, "texture": "#2"}
			}
		},
		{
			"name": "t",
			"from": [4, 15, 4],
			"to": [12, 16, 12],
			"faces": {
				"north": {"uv": [6.032, 0.032, 13.968, 0.968], "rotation": 180, "texture": "#2"},
				"east": {"uv": [6.032, 0.032, 13.968, 0.968], "rotation": 180, "texture": "#2"},
				"south": {"uv": [6.032, 0.032, 13.968, 0.968], "rotation": 180, "texture": "#2"},
				"west": {"uv": [6.032, 0.032, 13.968, 0.968], "texture": "#2"},
				"up": {"uv": [13.968, 0.032, 6.032, 7.968], "texture": "#2", "cullface": "up"},
				"down": {"uv": [13.968, 7.968, 6.032, 0.032], "texture": "#2"}
			}
		},
		{
			"name": "m",
			"from": [5, 1, 5],
			"to": [11, 15, 11],
			"faces": {
				"north": {"uv": [5.968, 13.968, 0.032, 0.032], "rotation": 180, "texture": "#2"},
				"east": {"uv": [0.032, 0.032, 5.968, 13.968], "rotation": 180, "texture": "#2"},
				"south": {"uv": [5.968, 13.968, 0.032, 0.032], "rotation": 180, "texture": "#2"},
				"west": {"uv": [0.032, 0.032, 5.968, 13.968], "rotation": 180, "texture": "#2"}
			}
		},
		{
			"name": "b",
			"from": [4, 0, 4],
			"to": [12, 1, 12],
			"faces": {
				"north": {"uv": [6.032, 0.032, 13.968, 0.968], "rotation": 180, "texture": "#2"},
				"east": {"uv": [6.032, 0.032, 13.968, 0.968], "rotation": 180, "texture": "#2"},
				"south": {"uv": [6.032, 0.032, 13.968, 0.968], "rotation": 180, "texture": "#2"},
				"west": {"uv": [6.032, 0.032, 13.968, 0.968], "texture": "#2"},
				"up": {"uv": [13.968, 0.032, 6.032, 7.968], "texture": "#2"},
				"down": {"uv": [13.968, 7.968, 6.032, 0.032], "texture": "#2", "cullface": "down"}
			}
		}
	]
}