{
	"credit": "Made with Blockbench",
	"parent": "block/block",
	"textures": {
		"2": "create_new_age:block/reactor/rod_off",
		"particle": "create_new_age:block/reactor/casing"
	},
	"elements": [
		{
			"from": [5, 1, 5],
			"to": [11, 15, 11],
			"faces": {
				"north": {"uv": [5.968, 13.968, 0.032, 0.032], "rotation": 180, "texture": "#2"},
				"east": {"uv": [0.032, 0.032, 5.968, 13.968], "rotation": 180, "texture": "#2"},
				"south": {"uv": [5.968, 13.968, 0.032, 0.032], "rotation": 180, "texture": "#2"},
				"west": {"uv": [0.032, 0.032, 5.968, 13.968], "rotation": 180, "texture": "#2"}
			}
		},
		{
			"from": [4, 15, 4],
			"to": [12, 16, 12],
			"faces": {
				"north": {"uv": [6.032, 0.032, 13.968, 0.968], "rotation": 180, "texture": "#2"},
				"east": {"uv": [6.032, 0.032, 13.968, 0.968], "rotation": 180, "texture": "#2"},
				"south": {"uv": [6.032, 0.032, 13.968, 0.968], "rotation": 180, "texture": "#2"},
				"west": {"uv": [6.032, 0.032, 13.968, 0.968], "texture": "#2"},
				"up": {"uv": [13.968, 0.032, 6.032, 7.968], "texture": "#2", "cullface": "up"},
				"down": {"uv": [13.968, 7.968, 6.032, 0.032], "texture": "#2"}
			}
		},
		{
			"from": [4, 0, 4],
			"to": [12, 1, 12],
			"faces": {
				"north": {"uv": [6.032, 0.032, 13.968, 0.968], "rotation": 180, "texture": "#2"},
				"east": {"uv": [6.032, 0.032, 13.968, 0.968], "rotation": 180, "texture": "#2"},
				"south": {"uv": [6.032, 0.032, 13.968, 0.968], "rotation": 180, "texture": "#2"},
				"west": {"uv": [6.032, 0.032, 13.968, 0.968], "texture": "#2"},
				"up": {"uv": [13.968, 0.032, 6.032, 7.968], "texture": "#2"},
				"down": {"uv": [13.968, 7.968, 6.032, 0.032], "texture": "#2", "cullface": "down"}
			}
		}
	]
}