{
	"credit": "Made with Blockbench",
	"parent": "minecraft:block/block",
	"texture_size": [48, 48],
	"textures": {
		"3": "create_new_age:block/solar/solar_0",
		"particle": "create:block/industrial_iron_block"
	},
	"elements": [
		{
			"name": "g",
			"from": [5.5, 11, 5.5],
			"to": [10.5, 12, 10.5],
			"shade": false,
			"faces": {
				"north": {"uv": [9.66667, 8.33333, 11.33333, 8.01067], "texture": "#3"},
				"east": {"uv": [9.98933, 6.66667, 9.66667, 8.33333], "rotation": 270, "texture": "#3"},
				"south": {"uv": [11.33333, 6.98933, 9.66667, 6.66667], "texture": "#3"},
				"west": {"uv": [11.33333, 6.66667, 11.01067, 8.33333], "rotation": 90, "texture": "#3"},
				"up": {"uv": [11.33333, 8.33333, 9.66667, 6.66667], "texture": "#3"},
				"down": {"uv": [11.33333, 6.66667, 9.66667, 8.33333], "texture": "#3"}
			}
		},
		{
			"name": "g",
			"from": [3.5, 13, 3.5],
			"to": [12.5, 14, 12.5],
			"shade": false,
			"faces": {
				"north": {"uv": [4.344, 9.656, 7.33333, 9.344], "texture": "#3"},
				"east": {"uv": [4.656, 6.66667, 4.344, 9.656], "rotation": 270, "texture": "#3"},
				"south": {"uv": [7.33333, 6.98933, 4.344, 6.66667], "texture": "#3"},
				"west": {"uv": [7.33333, 6.66667, 7.01067, 9.656], "rotation": 90, "texture": "#3"},
				"up": {"uv": [7.33333, 9.656, 4.344, 6.66667], "texture": "#3"},
				"down": {"uv": [7.33333, 6.66667, 4.344, 9.656], "texture": "#3"}
			}
		},
		{
			"name": "g",
			"from": [1.5, 15, 1.5],
			"to": [14.5, 16, 14.5],
			"shade": false,
			"faces": {
				"north": {"uv": [0.01067, 10.66667, 4.33333, 10.98933], "texture": "#3"},
				"east": {"uv": [0.01067, 6.66667, 0.33333, 10.98933], "rotation": 270, "texture": "#3"},
				"south": {"uv": [4.33333, 6.66667, 0.01067, 6.98933], "texture": "#3"},
				"west": {"uv": [4.01067, 6.66667, 4.33333, 10.98933], "rotation": 90, "texture": "#3"},
				"up": {"uv": [4.33333, 10.98933, 0.01067, 6.66667], "texture": "#3"},
				"down": {"uv": [4.33333, 6.66667, 0.01067, 10.98933], "texture": "#3"}
			}
		},
		{
			"name": "o",
			"from": [4, 5, 0],
			"to": [12, 11, 1],
			"faces": {
				"north": {"uv": [0.01067, 0.01067, 2.656, 1.98933], "texture": "#3", "cullface": "north"},
				"east": {"uv": [0.01067, 0.01067, 0.33333, 1.98933], "texture": "#3"},
				"south": {"uv": [0.01067, 0.01067, 2.656, 1.98933], "texture": "#3"},
				"west": {"uv": [2.344, 0.01067, 2.656, 1.98933], "texture": "#3"},
				"up": {"uv": [2.656, 0.33333, 0.01067, 0.01067], "texture": "#3"},
				"down": {"uv": [2.656, 1.66667, 0.01067, 1.98933], "texture": "#3"}
			}
		},
		{
			"name": "o",
			"from": [4, 5, 15],
			"to": [12, 11, 16],
			"faces": {
				"north": {"uv": [0.01067, 0.01067, 2.656, 1.98933], "texture": "#3"},
				"east": {"uv": [2.344, 0.01067, 2.656, 1.98933], "texture": "#3"},
				"south": {"uv": [0.01067, 0.01067, 2.656, 1.98933], "texture": "#3", "cullface": "south"},
				"west": {"uv": [0.01067, 0.01067, 0.33333, 1.98933], "texture": "#3"},
				"up": {"uv": [0.01067, 0.33333, 2.656, 0.01067], "texture": "#3"},
				"down": {"uv": [0.01067, 1.66667, 2.656, 1.98933], "texture": "#3"}
			}
		},
		{
			"name": "o",
			"from": [0, 5, 4],
			"to": [1, 11, 12],
			"faces": {
				"north": {"uv": [0.01067, 0.01067, 0.33333, 1.98933], "texture": "#3"},
				"east": {"uv": [0.01067, 0.01067, 2.656, 1.98933], "texture": "#3"},
				"south": {"uv": [2.344, 0.01067, 2.656, 1.98933], "texture": "#3"},
				"west": {"uv": [0.01067, 0.01067, 2.656, 1.98933], "texture": "#3", "cullface": "west"},
				"up": {"uv": [0.01067, 0.33333, 2.656, 0.01067], "rotation": 90, "texture": "#3"},
				"down": {"uv": [2.656, 1.98933, 0.01067, 1.66667], "rotation": 90, "texture": "#3"}
			}
		},
		{
			"name": "o",
			"from": [15, 5, 4],
			"to": [16, 11, 12],
			"faces": {
				"north": {"uv": [2.344, 0.01067, 2.656, 1.98933], "texture": "#3"},
				"east": {"uv": [0.01067, 0.01067, 2.656, 1.98933], "texture": "#3", "cullface": "east"},
				"south": {"uv": [0.01067, 0.01067, 0.33333, 1.98933], "texture": "#3"},
				"west": {"uv": [0.01067, 0.01067, 2.656, 1.98933], "texture": "#3"},
				"up": {"uv": [0.01067, 0.33333, 2.656, 0.01067], "rotation": 90, "texture": "#3"},
				"down": {"uv": [2.656, 1.98933, 0.01067, 1.66667], "rotation": 90, "texture": "#3"}
			}
		},
		{
			"name": "t",
			"from": [1, 6, 5],
			"to": [2, 10, 11],
			"faces": {
				"north": {"uv": [14.344, 0.01067, 14.656, 1.32266], "texture": "#3"},
				"east": {"uv": [12.66667, 0.01067, 14.656, 1.33333], "texture": "#3"},
				"south": {"uv": [12.66667, 0.01067, 12.98933, 1.33333], "texture": "#3"},
				"up": {"uv": [14.656, 0.01067, 12.66667, 0.33333], "rotation": 90, "texture": "#3"},
				"down": {"uv": [12.66667, 1.01067, 14.656, 1.33333], "rotation": 90, "texture": "#3"}
			}
		},
		{
			"name": "t",
			"from": [5, 6, 1],
			"to": [11, 10, 2],
			"faces": {
				"east": {"uv": [14.344, 0.01067, 14.656, 1.33333], "texture": "#3"},
				"south": {"uv": [12.66667, 0.01067, 14.656, 1.33333], "texture": "#3"},
				"west": {"uv": [12.66667, 0.01067, 12.98933, 1.33333], "texture": "#3"},
				"up": {"uv": [12.66667, 0.01067, 14.656, 0.33333], "texture": "#3"},
				"down": {"uv": [12.66667, 0.01067, 14.656, 0.33333], "texture": "#3"}
			}
		},
		{
			"name": "t",
			"from": [14, 6, 5],
			"to": [15, 10, 11],
			"faces": {
				"north": {"uv": [12.66667, 0.01067, 12.98933, 1.33333], "texture": "#3"},
				"south": {"uv": [14.344, 0.01067, 14.656, 1.33333], "texture": "#3"},
				"west": {"uv": [12.66667, 0.01067, 14.656, 1.33333], "texture": "#3"},
				"up": {"uv": [12.66667, 0.01067, 14.656, 0.33333], "rotation": 90, "texture": "#3"},
				"down": {"uv": [14.656, 1.01067, 12.66667, 1.33333], "rotation": 90, "texture": "#3"}
			}
		},
		{
			"name": "t",
			"from": [5, 6, 14],
			"to": [11, 10, 15],
			"faces": {
				"north": {"uv": [12.66667, 0.01067, 14.656, 1.33333], "texture": "#3"},
				"east": {"uv": [12.66667, 0.01067, 12.98933, 1.33333], "texture": "#3"},
				"west": {"uv": [14.344, 0.01067, 14.656, 1.33333], "texture": "#3"},
				"up": {"uv": [14.656, 0.01067, 12.66667, 0.33333], "texture": "#3"},
				"down": {"uv": [14.656, 1.01067, 12.66667, 1.33333], "texture": "#3"}
			}
		},
		{
			"name": "c",
			"from": [6, 7, 2],
			"to": [10, 9, 5],
			"faces": {
				"east": {"uv": [0.01067, 4.66667, 0.98933, 5.33333], "texture": "#3"},
				"west": {"uv": [0.98933, 3.344, 0.01067, 3.98933], "texture": "#3"},
				"up": {"uv": [0.98933, 3.33333, 0.01067, 2.01067], "rotation": 90, "texture": "#3"},
				"down": {"uv": [0.01067, 2.01067, 0.98933, 3.33333], "rotation": 270, "texture": "#3"}
			}
		},
		{
			"name": "c",
			"from": [11, 7, 6],
			"to": [14, 9, 10],
			"faces": {
				"north": {"uv": [0.98933, 3.344, 0.01067, 3.98933], "texture": "#3"},
				"south": {"uv": [0.01067, 4.66667, 0.98933, 5.33333], "texture": "#3"},
				"up": {"uv": [0.98933, 3.33333, 0.01067, 2.01067], "rotation": 180, "texture": "#3"},
				"down": {"uv": [0.01067, 2.01067, 0.98933, 3.33333], "rotation": 180, "texture": "#3"}
			}
		},
		{
			"name": "c",
			"from": [6, 7, 11],
			"to": [10, 9, 14],
			"faces": {
				"east": {"uv": [0.98933, 3.344, 0.01067, 3.98933], "texture": "#3"},
				"west": {"uv": [0.01067, 4.66667, 0.98933, 5.33333], "texture": "#3"},
				"up": {"uv": [0.98933, 3.33333, 0.01067, 2.01067], "rotation": 270, "texture": "#3"},
				"down": {"uv": [0.01067, 2.01067, 0.98933, 3.33333], "rotation": 90, "texture": "#3"}
			}
		},
		{
			"name": "c",
			"from": [2, 7, 6],
			"to": [5, 9, 10],
			"faces": {
				"north": {"uv": [0.01067, 4.66667, 0.98933, 5.33333], "texture": "#3"},
				"south": {"uv": [0.98933, 3.344, 0.01067, 3.98933], "texture": "#3"},
				"up": {"uv": [0.98933, 3.33333, 0.01067, 2.01067], "texture": "#3"},
				"down": {"uv": [0.01067, 2.01067, 0.98933, 3.33333], "texture": "#3"}
			}
		},
		{
			"name": "cc",
			"from": [5, 6, 5],
			"to": [11, 10, 11],
			"faces": {
				"north": {"uv": [10.66667, 0.01067, 12.656, 1.32266], "texture": "#3"},
				"east": {"uv": [10.66667, 0.01067, 12.656, 1.32266], "texture": "#3"},
				"south": {"uv": [10.66667, 0.01067, 12.656, 1.32266], "texture": "#3"},
				"west": {"uv": [10.66667, 0.01067, 12.656, 1.32266], "texture": "#3"},
				"up": {"uv": [8.66667, 0.01067, 10.656, 1.98933], "texture": "#3"}
			}
		},
		{
			"name": "bb",
			"from": [2, 0, 2],
			"to": [14, 3, 14],
			"faces": {
				"north": {"uv": [4.66667, 0.01067, 8.656, 0.98933], "texture": "#3"},
				"east": {"uv": [4.66667, 0.01067, 8.656, 0.98933], "texture": "#3"},
				"south": {"uv": [4.66667, 0.01067, 8.656, 0.98933], "texture": "#3"},
				"west": {"uv": [4.66667, 0.01067, 8.656, 0.98933], "texture": "#3"},
				"down": {"uv": [9.656, 2.01067, 5.66667, 5.98933], "texture": "#3", "cullface": "down"}
			}
		},
		{
			"name": "bm",
			"from": [1, 3, 1],
			"to": [15, 6, 15],
			"faces": {
				"north": {"uv": [2.66667, 1.01067, 7.33333, 1.98933], "texture": "#3"},
				"east": {"uv": [2.66667, 1.01067, 7.33333, 1.98933], "texture": "#3"},
				"south": {"uv": [2.66667, 1.01067, 7.33333, 1.98933], "texture": "#3"},
				"west": {"uv": [2.66667, 1.01067, 7.33333, 1.98933], "texture": "#3"},
				"up": {"uv": [15.656, 6.656, 11.01067, 2.01067], "texture": "#3"},
				"down": {"uv": [5.656, 2.01067, 1.01067, 6.656], "texture": "#3"}
			}
		},
		{
			"name": "h",
			"from": [13.5, 6, 0],
			"to": [13.5, 17, 8],
			"shade": false,
			"rotation": {"angle": -45, "axis": "y", "origin": [13.5, 6, 2.5]},
			"faces": {
				"east": {"uv": [6.656, 12.344, 4.01067, 15.98933], "texture": "#3"},
				"west": {"uv": [4.01067, 12.344, 6.656, 15.98933], "texture": "#3"}
			}
		},
		{
			"name": "h",
			"from": [8, 6, 13.5],
			"to": [16, 17, 13.5],
			"shade": false,
			"rotation": {"angle": -45, "axis": "y", "origin": [13.5, 6, 13.5]},
			"faces": {
				"north": {"uv": [6.66667, 12.344, 9.33333, 15.98933], "texture": "#3"},
				"south": {"uv": [9.33333, 12.344, 6.66667, 15.98933], "texture": "#3"}
			}
		},
		{
			"name": "h",
			"from": [2.5, 6, 0],
			"to": [2.5, 17, 8],
			"shade": false,
			"rotation": {"angle": 45, "axis": "y", "origin": [2.5, 6, 2.5]},
			"faces": {
				"east": {"uv": [9.33333, 12.344, 6.66667, 15.98933], "texture": "#3"},
				"west": {"uv": [6.66667, 12.344, 9.33333, 15.98933], "texture": "#3"}
			}
		},
		{
			"name": "h",
			"from": [2.5, 6, 8],
			"to": [2.5, 17, 16],
			"shade": false,
			"rotation": {"angle": -45, "axis": "y", "origin": [2.5, 6, 13.5]},
			"faces": {
				"east": {"uv": [6.66667, 12.344, 9.33333, 15.98933], "texture": "#3"},
				"west": {"uv": [9.33333, 12.344, 6.66667, 15.98933], "texture": "#3"}
			}
		}
	]
}