{
	"credit": "Made with Blockbench by Oslypsis",
	"ambientocclusion": false,
	"textures": {
		"particle": "#cross"
	},
	"elements": [
		{
			"from": [0, 0, 9.8],
			"to": [16, 16, 9.8],
			"shade": false,
			"rotation": {"angle": 22.5, "axis": "x", "origin": [8, -0.05, 9.8]},
			"faces": {
				"north": {"uv": [16, 0, 0, 16], "texture": "#cross"},
				"east": {"uv": [0, 0, 0, 16], "texture": "#cross"},
				"south": {"uv": [0, 0, 16, 16], "texture": "#cross"},
				"west": {"uv": [0, 0, 0, 16], "texture": "#cross"},
				"up": {"uv": [0, 0, 16, 0], "texture": "#cross"},
				"down": {"uv": [0, 0, 16, 0], "texture": "#cross"}
			}
		},
		{
			"from": [0, 0, 6.2],
			"to": [16, 16, 6.2],
			"shade": false,
			"rotation": {"angle": -22.5, "axis": "x", "origin": [8, -0.05, 6.2]},
			"faces": {
				"north": {"uv": [0, 0, 16, 16], "texture": "#cross"},
				"east": {"uv": [0, 0, 0, 16], "texture": "#cross"},
				"south": {"uv": [16, 0, 0, 16], "texture": "#cross"},
				"west": {"uv": [0, 0, 0, 16], "texture": "#cross"},
				"up": {"uv": [0, 0, 16, 0], "texture": "#cross"},
				"down": {"uv": [0, 0, 16, 0], "texture": "#cross"}
			}
		},
		{
			"from": [6.2, 0, 0],
			"to": [6.2, 16, 16],
			"shade": false,
			"rotation": {"angle": 22.5, "axis": "z", "origin": [6.2, -0.05, 8]},
			"faces": {
				"north": {"uv": [0, 0, 0, 16], "texture": "#cross"},
				"east": {"uv": [16, 0, 0, 16], "texture": "#cross"},
				"south": {"uv": [0, 0, 0, 16], "texture": "#cross"},
				"west": {"uv": [0, 0, 16, 16], "texture": "#cross"},
				"up": {"uv": [0, 0, 16, 0], "rotation": 270, "texture": "#cross"},
				"down": {"uv": [0, 0, 16, 0], "rotation": 90, "texture": "#cross"}
			}
		},
		{
			"from": [9.8, 0, 0],
			"to": [9.8, 16, 16],
			"shade": false,
			"rotation": {"angle": -22.5, "axis": "z", "origin": [9.8, -0.05, 8]},
			"faces": {
				"north": {"uv": [0, 0, 0, 16], "texture": "#cross"},
				"east": {"uv": [0, 0, 16, 16], "texture": "#cross"},
				"south": {"uv": [0, 0, 0, 16], "texture": "#cross"},
				"west": {"uv": [16, 0, 0, 16], "texture": "#cross"},
				"up": {"uv": [0, 0, 16, 0], "rotation": 270, "texture": "#cross"},
				"down": {"uv": [0, 0, 16, 0], "rotation": 90, "texture": "#cross"}
			}
		}
	],
	"groups": [
		{
			"name": "group",
			"origin": [8, 0, 8],
			"color": 0,
			"children": [0]
		},
		{
			"name": "group",
			"origin": [8, 0, 8],
			"color": 0,
			"children": [1]
		},
		{
			"name": "group",
			"origin": [8, 0, 8],
			"color": 0,
			"children": [2]
		},
		{
			"name": "group",
			"origin": [8, 0, 8],
			"color": 0,
			"children": [3]
		}
	]
}