{
	"credit": "Made with Blockbench by Oslypsis",
	"ambientocclusion": false,
	"textures": {
		"particle": "#cross"
	},
	"elements": [
		{
			"from": [0, -0.60896, 6.73853],
			"to": [16, 16.8, 6.73853],
			"shade": false,
			"rotation": {"angle": 22.5, "axis": "x", "origin": [8, 7.39104, 6.73853]},
			"faces": {
				"north": {"uv": [0, 0, 16, 16], "texture": "#cross", "tintindex": 0},
				"east": {"uv": [0, 0, 0, 16], "texture": "#cross", "tintindex": 0},
				"south": {"uv": [16, 0, 0, 16], "texture": "#cross", "tintindex": 0},
				"west": {"uv": [0, 0, 0, 16], "texture": "#cross", "tintindex": 0},
				"up": {"uv": [0, 0, 16, 0], "texture": "#cross", "tintindex": 0},
				"down": {"uv": [0, 0, 16, 0], "texture": "#cross", "tintindex": 0}
			}
		},
		{
			"from": [0, -0.60896, 9.26147],
			"to": [16, 16.8, 9.26147],
			"shade": false,
			"rotation": {"angle": -22.5, "axis": "x", "origin": [8, 7.39104, 9.26147]},
			"faces": {
				"north": {"uv": [16, 0, 0, 16], "texture": "#cross", "tintindex": 0},
				"east": {"uv": [0, 0, 0, 16], "texture": "#cross", "tintindex": 0},
				"south": {"uv": [0, 0, 16, 16], "texture": "#cross", "tintindex": 0},
				"west": {"uv": [0, 0, 0, 16], "texture": "#cross", "tintindex": 0},
				"up": {"uv": [0, 0, 16, 0], "texture": "#cross", "tintindex": 0},
				"down": {"uv": [0, 0, 16, 0], "texture": "#cross", "tintindex": 0}
			}
		},
		{
			"from": [9.26147, -0.60896, 0],
			"to": [9.26147, 16.8, 16],
			"shade": false,
			"rotation": {"angle": 22.5, "axis": "z", "origin": [9.26147, 7.39104, 8]},
			"faces": {
				"north": {"uv": [0, 0, 0, 16], "texture": "#cross", "tintindex": 0},
				"east": {"uv": [0, 0, 16, 16], "texture": "#cross", "tintindex": 0},
				"south": {"uv": [0, 0, 0, 16], "texture": "#cross", "tintindex": 0},
				"west": {"uv": [16, 0, 0, 16], "texture": "#cross", "tintindex": 0},
				"up": {"uv": [0, 0, 16, 0], "rotation": 270, "texture": "#cross", "tintindex": 0},
				"down": {"uv": [0, 0, 16, 0], "rotation": 90, "texture": "#cross", "tintindex": 0}
			}
		},
		{
			"from": [6.73853, -0.60896, 0],
			"to": [6.73853, 16.8, 16],
			"shade": false,
			"rotation": {"angle": -22.5, "axis": "z", "origin": [6.73853, 7.39104, 8]},
			"faces": {
				"north": {"uv": [0, 0, 0, 16], "texture": "#cross", "tintindex": 0},
				"east": {"uv": [16, 0, 0, 16], "texture": "#cross", "tintindex": 0},
				"south": {"uv": [0, 0, 0, 16], "texture": "#cross", "tintindex": 0},
				"west": {"uv": [0, 0, 16, 16], "texture": "#cross", "tintindex": 0},
				"up": {"uv": [0, 0, 16, 0], "rotation": 270, "texture": "#cross", "tintindex": 0},
				"down": {"uv": [0, 0, 16, 0], "rotation": 90, "texture": "#cross", "tintindex": 0}
			}
		}
	],
	"groups": [
		{
			"name": "group",
			"origin": [8, 0, 8],
			"color": 0,
			"children": [0]
		},
		{
			"name": "group",
			"origin": [8, 0, 8],
			"color": 0,
			"children": [1]
		},
		{
			"name": "group",
			"origin": [8, 0, 8],
			"color": 0,
			"children": [2]
		},
		{
			"name": "group",
			"origin": [8, 0, 8],
			"color": 0,
			"children": [3]
		}
	]
}