{
	"credit": "Made with Blockbench",
	"parent": "block/block",
	"texture_size": [48, 48],
	"textures": {
		"3": "create_new_age:block/solar/solar_0",
		"4": "create_new_age:block/heater/heater_steel",
		"particle": "create:block/industrial_iron_block"
	},
	"elements": [
		{
			"name": "b",
			"from": [1, 11, 1],
			"to": [15, 12, 15],
			"faces": {
				"north": {"uv": [4.98933, 0.656, 0.344, 0.344], "texture": "#4"},
				"east": {"uv": [4.66667, 0.344, 4.98933, 4.98933], "rotation": 90, "texture": "#4"},
				"south": {"uv": [0.344, 4.66667, 4.98933, 4.98933], "texture": "#4"},
				"west": {"uv": [0.344, 4.98933, 0.656, 0.344], "rotation": 90, "texture": "#4"},
				"up": {"uv": [0.344, 0.344, 4.98933, 4.98933], "texture": "#4"}
			}
		},
		{
			"name": "f",
			"from": [2, 12, 7],
			"to": [14, 16, 7],
			"shade": false,
			"faces": {
				"north": {"uv": [5.344, 2.66667, 9.33333, 3.98933], "texture": "#4"},
				"south": {"uv": [9.33333, 2.66667, 5.344, 3.98933], "texture": "#4"}
			}
		},
		{
			"name": "f",
			"from": [2, 12, 5],
			"to": [14, 16, 5],
			"shade": false,
			"faces": {
				"north": {"uv": [5.344, 1.344, 9.33333, 2.656], "texture": "#4"},
				"south": {"uv": [9.33333, 1.344, 5.344, 2.656], "texture": "#4"}
			}
		},
		{
			"name": "f",
			"from": [2, 12, 3],
			"to": [14, 16, 3],
			"shade": false,
			"faces": {
				"north": {"uv": [5.344, 0.01067, 9.33333, 1.33333], "texture": "#4"},
				"south": {"uv": [9.33333, 0.01067, 5.344, 1.33333], "texture": "#4"}
			}
		},
		{
			"name": "f",
			"from": [2, 12, 11],
			"to": [14, 16, 11],
			"shade": false,
			"faces": {
				"north": {"uv": [5.344, 2.66667, 9.33333, 3.98933], "texture": "#4"},
				"south": {"uv": [9.33333, 2.66667, 5.344, 3.98933], "texture": "#4"}
			}
		},
		{
			"name": "f",
			"from": [2, 12, 9],
			"to": [14, 16, 9],
			"shade": false,
			"faces": {
				"north": {"uv": [5.344, 4.01067, 9.33333, 5.33333], "texture": "#4"},
				"south": {"uv": [9.33333, 4.01067, 5.344, 5.33333], "texture": "#4"}
			}
		},
		{
			"name": "f",
			"from": [2, 12, 13],
			"to": [14, 16, 13],
			"shade": false,
			"faces": {
				"north": {"uv": [5.344, 1.344, 9.33333, 2.656], "texture": "#4"},
				"south": {"uv": [9.33333, 1.344, 5.344, 2.656], "texture": "#4"}
			}
		},
		{
			"name": "o",
			"from": [4, 5, 0],
			"to": [12, 11, 1],
			"faces": {
				"north": {"uv": [0.01067, 0.01067, 2.656, 1.98933], "texture": "#3", "cullface": "north"},
				"east": {"uv": [0.01067, 0.01067, 0.33333, 1.98933], "texture": "#3"},
				"south": {"uv": [0.01067, 0.01067, 2.656, 1.98933], "texture": "#3"},
				"west": {"uv": [2.344, 0.01067, 2.656, 1.98933], "texture": "#3"},
				"up": {"uv": [2.656, 0.33333, 0.01067, 0.01067], "texture": "#3"},
				"down": {"uv": [2.656, 1.66667, 0.01067, 1.98933], "texture": "#3"}
			}
		},
		{
			"name": "o",
			"from": [4, 5, 15],
			"to": [12, 11, 16],
			"faces": {
				"north": {"uv": [0.01067, 0.01067, 2.656, 1.98933], "texture": "#3"},
				"east": {"uv": [2.344, 0.01067, 2.656, 1.98933], "texture": "#3"},
				"south": {"uv": [0.01067, 0.01067, 2.656, 1.98933], "texture": "#3", "cullface": "south"},
				"west": {"uv": [0.01067, 0.01067, 0.33333, 1.98933], "texture": "#3"},
				"up": {"uv": [0.01067, 0.33333, 2.656, 0.01067], "texture": "#3"},
				"down": {"uv": [0.01067, 1.66667, 2.656, 1.98933], "texture": "#3"}
			}
		},
		{
			"name": "o",
			"from": [0, 5, 4],
			"to": [1, 11, 12],
			"faces": {
				"north": {"uv": [0.01067, 0.01067, 0.33333, 1.98933], "texture": "#3"},
				"east": {"uv": [0.01067, 0.01067, 2.656, 1.98933], "texture": "#3"},
				"south": {"uv": [2.344, 0.01067, 2.656, 1.98933], "texture": "#3"},
				"west": {"uv": [0.01067, 0.01067, 2.656, 1.98933], "texture": "#3", "cullface": "west"},
				"up": {"uv": [0.01067, 0.33333, 2.656, 0.01067], "rotation": 90, "texture": "#3"},
				"down": {"uv": [2.656, 1.98933, 0.01067, 1.66667], "rotation": 90, "texture": "#3"}
			}
		},
		{
			"name": "o",
			"from": [15, 5, 4],
			"to": [16, 11, 12],
			"faces": {
				"north": {"uv": [2.344, 0.01067, 2.656, 1.98933], "texture": "#3"},
				"east": {"uv": [0.01067, 0.01067, 2.656, 1.98933], "texture": "#3", "cullface": "east"},
				"south": {"uv": [0.01067, 0.01067, 0.33333, 1.98933], "texture": "#3"},
				"west": {"uv": [0.01067, 0.01067, 2.656, 1.98933], "texture": "#3"},
				"up": {"uv": [0.01067, 0.33333, 2.656, 0.01067], "rotation": 90, "texture": "#3"},
				"down": {"uv": [2.656, 1.98933, 0.01067, 1.66667], "rotation": 90, "texture": "#3"}
			}
		},
		{
			"name": "t",
			"from": [1, 6, 5],
			"to": [2, 10, 11],
			"faces": {
				"north": {"uv": [14.344, 0.01067, 14.656, 1.32266], "texture": "#3"},
				"east": {"uv": [12.66667, 0.01067, 14.656, 1.33333], "texture": "#3"},
				"south": {"uv": [12.66667, 0.01067, 12.98933, 1.33333], "texture": "#3"},
				"down": {"uv": [12.66667, 1.01067, 14.656, 1.33333], "rotation": 90, "texture": "#3"}
			}
		},
		{
			"name": "t",
			"from": [5, 6, 1],
			"to": [11, 10, 2],
			"faces": {
				"east": {"uv": [14.344, 0.01067, 14.656, 1.33333], "texture": "#3"},
				"south": {"uv": [12.66667, 0.01067, 14.656, 1.33333], "texture": "#3"},
				"west": {"uv": [12.66667, 0.01067, 12.98933, 1.33333], "texture": "#3"},
				"down": {"uv": [12.66667, 1.01067, 14.656, 1.33333], "texture": "#3"}
			}
		},
		{
			"name": "t",
			"from": [14, 6, 5],
			"to": [15, 10, 11],
			"faces": {
				"north": {"uv": [12.66667, 0.01067, 12.98933, 1.33333], "texture": "#3"},
				"south": {"uv": [14.344, 0.01067, 14.656, 1.33333], "texture": "#3"},
				"west": {"uv": [12.66667, 0.01067, 14.656, 1.33333], "texture": "#3"},
				"down": {"uv": [14.656, 1.01067, 12.66667, 1.33333], "rotation": 90, "texture": "#3"}
			}
		},
		{
			"name": "t",
			"from": [5, 6, 14],
			"to": [11, 10, 15],
			"faces": {
				"north": {"uv": [12.66667, 0.01067, 14.656, 1.33333], "texture": "#3"},
				"east": {"uv": [12.66667, 0.01067, 12.98933, 1.33333], "texture": "#3"},
				"west": {"uv": [14.344, 0.01067, 14.656, 1.33333], "texture": "#3"},
				"down": {"uv": [14.656, 1.01067, 12.66667, 1.33333], "texture": "#3"}
			}
		},
		{
			"name": "c",
			"from": [6, 7, 2],
			"to": [10, 9, 5],
			"faces": {
				"east": {"uv": [0.01067, 4.66667, 0.98933, 5.33333], "texture": "#3"},
				"west": {"uv": [0.98933, 3.344, 0.01067, 3.98933], "texture": "#3"},
				"up": {"uv": [0.98933, 3.33333, 0.01067, 2.01067], "rotation": 90, "texture": "#3"},
				"down": {"uv": [0.01067, 2.01067, 0.98933, 3.33333], "rotation": 270, "texture": "#3"}
			}
		},
		{
			"name": "c",
			"from": [11, 7, 6],
			"to": [14, 9, 10],
			"faces": {
				"north": {"uv": [0.98933, 3.344, 0.01067, 3.98933], "texture": "#3"},
				"south": {"uv": [0.01067, 4.66667, 0.98933, 5.33333], "texture": "#3"},
				"up": {"uv": [0.98933, 3.33333, 0.01067, 2.01067], "rotation": 180, "texture": "#3"},
				"down": {"uv": [0.01067, 2.01067, 0.98933, 3.33333], "rotation": 180, "texture": "#3"}
			}
		},
		{
			"name": "c",
			"from": [6, 7, 11],
			"to": [10, 9, 14],
			"faces": {
				"east": {"uv": [0.98933, 3.344, 0.01067, 3.98933], "texture": "#3"},
				"west": {"uv": [0.01067, 4.66667, 0.98933, 5.33333], "texture": "#3"},
				"up": {"uv": [0.98933, 3.33333, 0.01067, 2.01067], "rotation": 270, "texture": "#3"},
				"down": {"uv": [0.01067, 2.01067, 0.98933, 3.33333], "rotation": 90, "texture": "#3"}
			}
		},
		{
			"name": "c",
			"from": [2, 7, 6],
			"to": [5, 9, 10],
			"faces": {
				"north": {"uv": [0.01067, 4.66667, 0.98933, 5.33333], "texture": "#3"},
				"south": {"uv": [0.98933, 3.344, 0.01067, 3.98933], "texture": "#3"},
				"up": {"uv": [0.98933, 3.33333, 0.01067, 2.01067], "texture": "#3"},
				"down": {"uv": [0.01067, 2.01067, 0.98933, 3.33333], "texture": "#3"}
			}
		},
		{
			"name": "bt",
			"from": [1, 10, 1],
			"to": [15, 11, 15],
			"faces": {
				"north": {"uv": [2.66667, 1.01067, 7.33333, 1.33333], "texture": "#3"},
				"east": {"uv": [2.66667, 1.01067, 7.33333, 1.33333], "texture": "#3"},
				"south": {"uv": [2.66667, 1.01067, 7.33333, 1.33333], "texture": "#3"},
				"west": {"uv": [2.66667, 1.01067, 7.33333, 1.33333], "texture": "#3"},
				"down": {"uv": [5.656, 2.01067, 1.01067, 6.656], "texture": "#3"}
			}
		},
		{
			"name": "cc",
			"from": [5, 6, 5],
			"to": [11, 10, 11],
			"faces": {
				"north": {"uv": [10.66667, 0.01067, 12.656, 1.32266], "texture": "#3"},
				"east": {"uv": [10.66667, 0.01067, 12.656, 1.32266], "texture": "#3"},
				"south": {"uv": [10.66667, 0.01067, 12.656, 1.32266], "texture": "#3"},
				"west": {"uv": [10.66667, 0.01067, 12.656, 1.32266], "texture": "#3"}
			}
		},
		{
			"name": "bb",
			"from": [2, 0, 2],
			"to": [14, 3, 14],
			"faces": {
				"north": {"uv": [4.66667, 0.01067, 8.656, 0.98933], "texture": "#3"},
				"east": {"uv": [4.66667, 0.01067, 8.656, 0.98933], "texture": "#3"},
				"south": {"uv": [4.66667, 0.01067, 8.656, 0.98933], "texture": "#3"},
				"west": {"uv": [4.66667, 0.01067, 8.656, 0.98933], "texture": "#3"},
				"down": {"uv": [9.656, 2.01067, 5.66667, 5.98933], "texture": "#3", "cullface": "down"}
			}
		},
		{
			"name": "bm",
			"from": [1, 3, 1],
			"to": [15, 6, 15],
			"faces": {
				"north": {"uv": [2.66667, 1.01067, 7.33333, 1.98933], "texture": "#3"},
				"east": {"uv": [2.66667, 1.01067, 7.33333, 1.98933], "texture": "#3"},
				"south": {"uv": [2.66667, 1.01067, 7.33333, 1.98933], "texture": "#3"},
				"west": {"uv": [2.66667, 1.01067, 7.33333, 1.98933], "texture": "#3"},
				"up": {"uv": [5.656, 6.656, 1.01067, 2.01067], "texture": "#3"},
				"down": {"uv": [5.656, 2.01067, 1.01067, 6.656], "texture": "#3"}
			}
		},
		{
			"name": "s",
			"from": [13, 6, 13.5],
			"to": [14, 10, 13.5],
			"shade": false,
			"faces": {
				"north": {"uv": [4.66667, 1.344, 5.98933, 1.656], "rotation": 90, "texture": "#3"},
				"south": {"uv": [4.66667, 1.344, 5.98933, 1.656], "rotation": 90, "texture": "#3"}
			}
		},
		{
			"name": "s",
			"from": [13.5, 6, 13],
			"to": [13.5, 10, 14],
			"shade": false,
			"faces": {
				"east": {"uv": [4.66667, 1.344, 5.98933, 1.656], "rotation": 90, "texture": "#3"},
				"west": {"uv": [4.66667, 1.344, 5.98933, 1.656], "rotation": 90, "texture": "#3"}
			}
		},
		{
			"name": "s",
			"from": [13.5, 6, 2],
			"to": [13.5, 10, 3],
			"shade": false,
			"faces": {
				"east": {"uv": [4.66667, 1.344, 5.98933, 1.656], "rotation": 90, "texture": "#3"},
				"west": {"uv": [4.66667, 1.344, 5.98933, 1.656], "rotation": 90, "texture": "#3"}
			}
		},
		{
			"name": "s",
			"from": [13, 6, 2.5],
			"to": [14, 10, 2.5],
			"shade": false,
			"faces": {
				"north": {"uv": [4.66667, 1.344, 5.98933, 1.656], "rotation": 90, "texture": "#3"},
				"south": {"uv": [4.66667, 1.344, 5.98933, 1.656], "rotation": 90, "texture": "#3"}
			}
		},
		{
			"name": "s",
			"from": [2.5, 6, 13],
			"to": [2.5, 10, 14],
			"shade": false,
			"faces": {
				"east": {"uv": [4.66667, 1.344, 5.98933, 1.656], "rotation": 90, "texture": "#3"},
				"west": {"uv": [4.66667, 1.344, 5.98933, 1.656], "rotation": 90, "texture": "#3"}
			}
		},
		{
			"name": "s",
			"from": [2, 6, 13.5],
			"to": [3, 10, 13.5],
			"shade": false,
			"faces": {
				"north": {"uv": [4.66667, 1.344, 5.98933, 1.656], "rotation": 90, "texture": "#3"},
				"south": {"uv": [4.66667, 1.344, 5.98933, 1.656], "rotation": 90, "texture": "#3"}
			}
		},
		{
			"name": "s",
			"from": [2, 6, 2.5],
			"to": [3, 10, 2.5],
			"shade": false,
			"faces": {
				"north": {"uv": [4.66667, 1.344, 5.98933, 1.656], "rotation": 90, "texture": "#3"},
				"south": {"uv": [4.66667, 1.344, 5.98933, 1.656], "rotation": 90, "texture": "#3"}
			}
		},
		{
			"name": "s",
			"from": [2.5, 6, 2],
			"to": [2.5, 10, 3],
			"shade": false,
			"faces": {
				"east": {"uv": [4.66667, 1.344, 5.98933, 1.656], "rotation": 90, "texture": "#3"},
				"west": {"uv": [4.66667, 1.344, 5.98933, 1.656], "rotation": 90, "texture": "#3"}
			}
		}
	]
}