{
	"credit": "Made with Blockbench",
	"parent": "block/block",
	"texture_size": [35, 35],
	"textures": {
		"0": "create_new_age:block/basic_motor",
		"particle": "create:block/andesite_casing"
	},
	"elements": [
		{
			"from": [3, 5, 5.975],
			"to": [13, 11, 11.975],
			"faces": {
				"north": {"uv": [4.57143, 4.11429, 9.12823, 6.85714], "texture": "#0"},
				"east": {"uv": [1.8432, 4.11429, 4.5568, 6.85714], "texture": "#0"},
				"south": {"uv": [4.57143, 4.11429, 9.12823, 6.85714], "texture": "#0"},
				"west": {"uv": [1.8432, 4.11429, 4.5568, 6.85714], "texture": "#0"},
				"up": {"uv": [4.57143, 4.11429, 9.12823, 6.85714], "rotation": 180, "texture": "#0"},
				"down": {"uv": [4.57143, 4.11429, 9.12823, 6.85714], "rotation": 180, "texture": "#0"}
			}
		},
		{
			"from": [5, 12, 5.975],
			"to": [11, 13, 11.975],
			"faces": {
				"north": {"uv": [1.8432, 4.11429, 4.5568, 4.5568], "rotation": 180, "texture": "#0"},
				"east": {"uv": [4.11429, 4.11429, 4.5568, 6.85714], "rotation": 90, "texture": "#0"},
				"south": {"uv": [1.8432, 6.41463, 4.5568, 6.85714], "texture": "#0"},
				"west": {"uv": [1.8432, 4.11429, 2.28571, 6.85714], "rotation": 270, "texture": "#0"},
				"up": {"uv": [1.8432, 4.11429, 4.5568, 6.85714], "texture": "#0"}
			}
		},
		{
			"from": [1, 0, 4],
			"to": [15, 3, 7],
			"faces": {
				"north": {"uv": [0.01463, 0.01463, 6.38537, 1.3568], "texture": "#0"},
				"east": {"uv": [0.01463, 0.01463, 1.3568, 1.3568], "texture": "#0"},
				"south": {"uv": [0.01463, 0.01463, 6.38537, 1.3568], "texture": "#0"},
				"west": {"uv": [0.01463, 0.01463, 1.3568, 1.3568], "texture": "#0"},
				"up": {"uv": [0.01463, 1.37143, 6.38537, 2.72823], "rotation": 180, "texture": "#0"},
				"down": {"uv": [0.01463, 1.37143, 6.38537, 2.72823], "rotation": 180, "texture": "#0", "cullface": "down"}
			}
		},
		{
			"from": [1, 0, 11],
			"to": [15, 3, 14],
			"faces": {
				"north": {"uv": [0.01463, 0.01463, 6.38537, 1.3568], "texture": "#0"},
				"east": {"uv": [0.01463, 0.01463, 1.3568, 1.3568], "texture": "#0"},
				"south": {"uv": [0.01463, 0.01463, 6.38537, 1.3568], "texture": "#0"},
				"west": {"uv": [0.01463, 0.01463, 1.3568, 1.3568], "texture": "#0"},
				"up": {"uv": [0.01463, 1.37143, 6.38537, 2.72823], "rotation": 180, "texture": "#0"},
				"down": {"uv": [0.01463, 1.37143, 6.38537, 2.72823], "rotation": 180, "texture": "#0", "cullface": "down"}
			}
		},
		{
			"from": [2, 2, 0.975],
			"to": [4, 4, 15.975],
			"faces": {
				"north": {"uv": [0.91429, 9.58537, 1.82857, 8.70034], "rotation": 90, "texture": "#0"},
				"east": {"uv": [0.91429, 9.58537, 1.82857, 2.74286], "rotation": 90, "texture": "#0"},
				"south": {"uv": [0.91429, 3.65714, 1.82857, 2.74286], "rotation": 90, "texture": "#0", "cullface": "south"},
				"west": {"uv": [0.91429, 9.58537, 1.82857, 2.74286], "rotation": 90, "texture": "#0"},
				"up": {"uv": [0.89966, 2.74286, 0.01463, 9.58537], "rotation": 180, "texture": "#0"},
				"down": {"uv": [1.82857, 2.74286, 0.91429, 9.58537], "texture": "#0"}
			}
		},
		{
			"from": [12, 2, 0.975],
			"to": [14, 4, 15.975],
			"faces": {
				"north": {"uv": [1.82857, 8.70034, 0.91429, 9.58537], "texture": "#0"},
				"east": {"uv": [0.91429, 9.58537, 1.82857, 2.74286], "rotation": 90, "texture": "#0"},
				"south": {"uv": [1.82857, 2.74286, 0.91429, 3.65714], "rotation": 180, "texture": "#0", "cullface": "south"},
				"west": {"uv": [0.91429, 9.58537, 1.82857, 2.74286], "rotation": 90, "texture": "#0"},
				"up": {"uv": [0.89966, 2.74286, 0.01463, 9.58537], "texture": "#0"},
				"down": {"uv": [1.82857, 2.74286, 0.91429, 9.58537], "rotation": 180, "texture": "#0"}
			}
		},
		{
			"from": [12, 12, 0.975],
			"to": [14, 14, 15.975],
			"faces": {
				"north": {"uv": [0.91429, 9.58537, 1.82857, 8.70034], "rotation": 270, "texture": "#0"},
				"east": {"uv": [0.01463, 9.58537, 0.89966, 2.74286], "rotation": 90, "texture": "#0"},
				"south": {"uv": [0.91429, 3.65714, 1.82857, 2.74286], "rotation": 270, "texture": "#0", "cullface": "south"},
				"west": {"uv": [0.01463, 9.58537, 0.89966, 2.74286], "rotation": 90, "texture": "#0"},
				"up": {"uv": [0.89966, 2.74286, 0.01463, 9.58537], "texture": "#0"},
				"down": {"uv": [1.82857, 2.74286, 0.91429, 9.58537], "rotation": 180, "texture": "#0"}
			}
		},
		{
			"from": [4, 4, 5.025],
			"to": [12, 12, 11.025],
			"faces": {
				"north": {"uv": [9.14286, 4.11429, 12.78537, 7.7568], "texture": "#0"},
				"east": {"uv": [6.41463, 0.01463, 9.12823, 3.65714], "texture": "#0"},
				"west": {"uv": [6.41463, 0.01463, 9.12823, 3.65714], "texture": "#0"},
				"up": {"uv": [9.14286, 4.11429, 12.78537, 6.85714], "texture": "#0"},
				"down": {"uv": [9.14286, 4.11429, 12.78537, 6.85714], "rotation": 180, "texture": "#0"}
			}
		},
		{
			"from": [3.5, 3.525, 11],
			"to": [12.5, 12.525, 14],
			"faces": {
				"north": {"uv": [9.14286, 0.01463, 13.25714, 4.09966], "rotation": 90, "texture": "#0"},
				"east": {"uv": [10.49966, 7.77143, 6.41463, 9.12823], "rotation": 90, "texture": "#0"},
				"west": {"uv": [6.41463, 7.77143, 10.49966, 9.12823], "rotation": 270, "texture": "#0"},
				"up": {"uv": [1.8432, 2.74286, 5.92823, 4.09966], "texture": "#0"},
				"down": {"uv": [6.41463, 9.14286, 10.49966, 10.49966], "rotation": 180, "texture": "#0"}
			}
		},
		{
			"from": [5, 5, 3.875],
			"to": [11, 11, 5.125],
			"faces": {
				"east": {"uv": [4.11429, 4.11429, 4.5568, 6.85714], "texture": "#0"},
				"west": {"uv": [1.8432, 4.11429, 2.28571, 6.85714], "texture": "#0"},
				"up": {"uv": [1.8432, 4.11429, 4.5568, 4.5568], "texture": "#0"},
				"down": {"uv": [1.8432, 6.41463, 4.5568, 6.85714], "texture": "#0"}
			}
		},
		{
			"from": [3, 3, 2],
			"to": [13, 13, 4],
			"faces": {
				"north": {"uv": [6.38537, 6.87177, 1.8432, 11.42857], "texture": "#0"},
				"east": {"uv": [6.38537, 6.87177, 5.50034, 11.42857], "rotation": 180, "texture": "#0"},
				"south": {"uv": [6.38537, 6.87177, 1.8432, 11.42857], "texture": "#0"},
				"west": {"uv": [2.72823, 6.87177, 1.8432, 11.42857], "rotation": 180, "texture": "#0"},
				"up": {"uv": [1.8432, 7.7568, 6.38537, 6.87177], "rotation": 180, "texture": "#0"},
				"down": {"uv": [1.8432, 11.42857, 6.38537, 10.51429], "rotation": 180, "texture": "#0"}
			}
		},
		{
			"from": [3, 3, 13.925],
			"to": [13, 13, 15.925],
			"faces": {
				"north": {"uv": [6.38537, 6.87177, 1.8432, 11.42857], "texture": "#0"},
				"east": {"uv": [6.38537, 6.87177, 5.50034, 11.42857], "texture": "#0"},
				"south": {"uv": [1.8432, 6.87177, 6.38537, 11.42857], "texture": "#0", "cullface": "south"},
				"west": {"uv": [2.72823, 6.87177, 1.8432, 11.42857], "texture": "#0"},
				"up": {"uv": [1.8432, 7.7568, 6.38537, 6.87177], "texture": "#0"},
				"down": {"uv": [1.8432, 11.42857, 6.38537, 10.51429], "texture": "#0"}
			}
		},
		{
			"from": [2, 12, 0.975],
			"to": [4, 14, 15.975],
			"faces": {
				"north": {"uv": [0.01463, 9.58537, 0.89966, 8.70034], "rotation": 90, "texture": "#0"},
				"east": {"uv": [0.01463, 9.58537, 0.89966, 2.74286], "rotation": 90, "texture": "#0"},
				"south": {"uv": [0.01463, 3.65714, 0.89966, 2.74286], "rotation": 90, "texture": "#0", "cullface": "south"},
				"west": {"uv": [0.01463, 9.58537, 0.89966, 2.74286], "rotation": 90, "texture": "#0"},
				"up": {"uv": [0.89966, 2.74286, 0.01463, 9.58537], "rotation": 180, "texture": "#0"},
				"down": {"uv": [1.82857, 2.74286, 0.91429, 9.58537], "texture": "#0"}
			}
		}
	]
}