{
	"credit": "Made with Blockbench",
	"parent": "block/block",
	"texture_size": [35, 35],
	"textures": {
		"0": "create_new_age:block/basic_motor",
		"particle": "create:block/andesite_casing"
	},
	"elements": [
		{
			"from": [3, 5, 5.975],
			"to": [13, 11, 11.975],
			"rotation": {"angle": 0, "axis": "y", "origin": [8, 0, 0]},
			"faces": {
				"north": {"uv": [4.58606, 4.12891, 9.12823, 6.84251], "texture": "#0"},
				"east": {"uv": [1.8432, 4.12891, 4.5568, 6.84251], "texture": "#0"},
				"south": {"uv": [4.58606, 4.12891, 9.12823, 6.84251], "texture": "#0"},
				"west": {"uv": [1.8432, 4.12891, 4.5568, 6.84251], "texture": "#0"},
				"up": {"uv": [4.58606, 4.12891, 9.12823, 6.84251], "rotation": 180, "texture": "#0"},
				"down": {"uv": [4.58606, 4.12891, 9.12823, 6.84251], "rotation": 180, "texture": "#0"}
			}
		},
		{
			"from": [5, 3, 5.975],
			"to": [11, 4, 11.975],
			"rotation": {"angle": 0, "axis": "y", "origin": [8, 0, 0]},
			"faces": {
				"north": {"uv": [1.8432, 4.12891, 4.5568, 4.5568], "texture": "#0"},
				"east": {"uv": [1.8432, 4.12891, 2.27109, 6.84251], "rotation": 90, "texture": "#0"},
				"south": {"uv": [1.8432, 6.41463, 4.5568, 6.84251], "rotation": 180, "texture": "#0"},
				"west": {"uv": [4.12891, 4.12891, 4.5568, 6.84251], "rotation": 270, "texture": "#0"},
				"down": {"uv": [1.8432, 4.12891, 4.5568, 6.84251], "rotation": 180, "texture": "#0"}
			}
		},
		{
			"from": [5, 12, 5.975],
			"to": [11, 13, 11.975],
			"rotation": {"angle": 0, "axis": "y", "origin": [8, 0, 0]},
			"faces": {
				"north": {"uv": [1.8432, 4.12891, 4.5568, 4.5568], "rotation": 180, "texture": "#0"},
				"east": {"uv": [4.12891, 4.12891, 4.5568, 6.84251], "rotation": 90, "texture": "#0"},
				"south": {"uv": [1.8432, 6.41463, 4.5568, 6.84251], "texture": "#0"},
				"west": {"uv": [1.8432, 4.12891, 2.27109, 6.84251], "rotation": 270, "texture": "#0"},
				"up": {"uv": [1.8432, 4.12891, 4.5568, 6.84251], "texture": "#0"}
			}
		},
		{
			"from": [2, 2, 0.975],
			"to": [4, 4, 15.975],
			"rotation": {"angle": 0, "axis": "y", "origin": [8, 0, 0]},
			"faces": {
				"north": {"uv": [0.92891, 9.58537, 1.81394, 8.70034], "rotation": 90, "texture": "#0"},
				"east": {"uv": [0.92891, 9.58537, 1.81394, 2.75749], "rotation": 90, "texture": "#0"},
				"south": {"uv": [0.92891, 3.64251, 1.81394, 2.75749], "rotation": 90, "texture": "#0", "cullface": "south"},
				"west": {"uv": [0.92891, 9.58537, 1.81394, 2.75749], "rotation": 90, "texture": "#0"},
				"up": {"uv": [0.89966, 2.75749, 0.01463, 9.58537], "rotation": 180, "texture": "#0"},
				"down": {"uv": [1.81394, 2.75749, 0.92891, 9.58537], "texture": "#0"}
			}
		},
		{
			"from": [12, 2, 0.975],
			"to": [14, 4, 15.975],
			"rotation": {"angle": 0, "axis": "y", "origin": [8, 0, 0]},
			"faces": {
				"north": {"uv": [1.81394, 8.70034, 0.92891, 9.58537], "texture": "#0"},
				"east": {"uv": [0.92891, 9.58537, 1.81394, 2.75749], "rotation": 90, "texture": "#0"},
				"south": {"uv": [1.81394, 2.75749, 0.92891, 3.64251], "rotation": 180, "texture": "#0", "cullface": "south"},
				"west": {"uv": [0.92891, 9.58537, 1.81394, 2.75749], "rotation": 90, "texture": "#0"},
				"up": {"uv": [0.89966, 2.75749, 0.01463, 9.58537], "texture": "#0"},
				"down": {"uv": [1.81394, 2.75749, 0.92891, 9.58537], "rotation": 180, "texture": "#0"}
			}
		},
		{
			"from": [12, 12, 0.975],
			"to": [14, 14, 15.975],
			"rotation": {"angle": 0, "axis": "y", "origin": [8, 0, 0]},
			"faces": {
				"north": {"uv": [0.92891, 9.58537, 1.81394, 8.70034], "rotation": 270, "texture": "#0"},
				"east": {"uv": [0.01463, 9.58537, 0.89966, 2.75749], "rotation": 90, "texture": "#0"},
				"south": {"uv": [0.92891, 3.64251, 1.81394, 2.75749], "rotation": 270, "texture": "#0", "cullface": "south"},
				"west": {"uv": [0.01463, 9.58537, 0.89966, 2.75749], "rotation": 90, "texture": "#0"},
				"up": {"uv": [0.89966, 2.75749, 0.01463, 9.58537], "texture": "#0"},
				"down": {"uv": [1.81394, 2.75749, 0.92891, 9.58537], "rotation": 180, "texture": "#0"}
			}
		},
		{
			"from": [4, 4, 5.025],
			"to": [12, 12, 11.025],
			"rotation": {"angle": 0, "axis": "y", "origin": [8, 0, 0]},
			"faces": {
				"north": {"uv": [9.15749, 4.12891, 12.78537, 7.7568], "texture": "#0"},
				"east": {"uv": [6.41463, 0.01463, 9.12823, 3.64251], "texture": "#0"},
				"south": {"uv": [9.15749, 4.12891, 12.78537, 7.7568], "rotation": 180, "texture": "#0"},
				"west": {"uv": [6.41463, 0.01463, 9.12823, 3.64251], "texture": "#0"},
				"up": {"uv": [9.15749, 4.12891, 12.78537, 6.84251], "texture": "#0"},
				"down": {"uv": [9.15749, 4.12891, 12.78537, 6.84251], "rotation": 180, "texture": "#0"}
			}
		},
		{
			"from": [3.5, 3.525, 11],
			"to": [12.5, 12.525, 14],
			"rotation": {"angle": 0, "axis": "y", "origin": [8, 0, 0]},
			"faces": {
				"north": {"uv": [9.15749, 0.01463, 13.24251, 4.09966], "rotation": 90, "texture": "#0"},
				"east": {"uv": [10.49966, 7.78606, 6.41463, 9.12823], "rotation": 90, "texture": "#0"},
				"west": {"uv": [6.41463, 7.78606, 10.49966, 9.12823], "rotation": 270, "texture": "#0"},
				"up": {"uv": [1.8432, 2.75749, 5.92823, 4.09966], "texture": "#0"},
				"down": {"uv": [6.41463, 9.15749, 10.49966, 10.49966], "rotation": 180, "texture": "#0"}
			}
		},
		{
			"from": [5, 5, 3.875],
			"to": [11, 11, 5.125],
			"rotation": {"angle": 0, "axis": "y", "origin": [8, 0, 0]},
			"faces": {
				"east": {"uv": [4.12891, 4.12891, 4.5568, 6.84251], "texture": "#0"},
				"west": {"uv": [1.8432, 4.12891, 2.27109, 6.84251], "texture": "#0"},
				"up": {"uv": [1.8432, 4.12891, 4.5568, 4.5568], "texture": "#0"},
				"down": {"uv": [1.8432, 6.41463, 4.5568, 6.84251], "texture": "#0"}
			}
		},
		{
			"from": [3, 3, 2],
			"to": [13, 13, 4],
			"faces": {
				"north": {"uv": [6.38537, 6.87177, 1.8432, 11.41394], "texture": "#0"},
				"east": {"uv": [6.38537, 6.87177, 5.50034, 11.41394], "rotation": 180, "texture": "#0"},
				"south": {"uv": [6.38537, 6.87177, 1.8432, 11.41394], "texture": "#0"},
				"west": {"uv": [2.72823, 6.87177, 1.8432, 11.41394], "rotation": 180, "texture": "#0"},
				"up": {"uv": [1.8432, 7.7568, 6.38537, 6.87177], "rotation": 180, "texture": "#0"},
				"down": {"uv": [1.8432, 11.41394, 6.38537, 10.52891], "rotation": 180, "texture": "#0"}
			}
		},
		{
			"from": [3, 3, 13.925],
			"to": [13, 13, 15.925],
			"faces": {
				"north": {"uv": [6.38537, 6.87177, 1.8432, 11.41394], "texture": "#0"},
				"east": {"uv": [6.38537, 6.87177, 5.50034, 11.41394], "texture": "#0"},
				"south": {"uv": [1.8432, 6.87177, 6.38537, 11.41394], "texture": "#0", "cullface": "south"},
				"west": {"uv": [2.72823, 6.87177, 1.8432, 11.41394], "texture": "#0"},
				"up": {"uv": [1.8432, 7.7568, 6.38537, 6.87177], "texture": "#0"},
				"down": {"uv": [1.8432, 11.41394, 6.38537, 10.52891], "texture": "#0"}
			}
		},
		{
			"from": [2, 12, 0.975],
			"to": [4, 14, 15.975],
			"faces": {
				"north": {"uv": [0.01463, 9.58537, 0.89966, 8.70034], "rotation": 90, "texture": "#0"},
				"east": {"uv": [0.01463, 9.58537, 0.89966, 2.75749], "rotation": 90, "texture": "#0"},
				"south": {"uv": [0.01463, 3.64251, 0.89966, 2.75749], "rotation": 90, "texture": "#0", "cullface": "south"},
				"west": {"uv": [0.01463, 9.58537, 0.89966, 2.75749], "rotation": 90, "texture": "#0"},
				"up": {"uv": [0.89966, 2.75749, 0.01463, 9.58537], "rotation": 180, "texture": "#0"},
				"down": {"uv": [1.81394, 2.75749, 0.92891, 9.58537], "texture": "#0"}
			}
		}
	],
	"display": {
		"thirdperson_righthand": {
			"rotation": [75, 45, 0],
			"translation": [0, 2.5, 0],
			"scale": [0.475, 0.475, 0.475]
		},
		"firstperson_righthand": {
			"rotation": [0, 45, 0],
			"scale": [0.5, 0.5, 0.5]
		},
		"firstperson_lefthand": {
			"rotation": [0, 225, 0],
			"scale": [0.5, 0.5, 0.5]
		},
		"ground": {
			"translation": [0, 3, 0],
			"scale": [0.5, 0.5, 0.5]
		},
		"gui": {
			"rotation": [30, 225, 0],
			"scale": [0.775, 0.775, 0.775]
		},
		"fixed": {
			"rotation": [0, 90, 0],
			"scale": [0.75, 0.75, 0.75]
		}
	}
}