{
	"credit": "Made with Blockbench",
	"parent": "minecraft:block/block",
	"texture_size": [32, 32],
	"textures": {
		"1": "create_new_age:block/heat_pump",
		"particle": "create:block/industrial_iron_block"
	},
	"elements": [
		{
			"from": [3, 13, 1.5],
			"to": [13, 14, 3.5],
			"faces": {
				"north": {"uv": [4.984, 9.016, 0.016, 9.484], "texture": "#1"},
				"east": {"uv": [0.016, 9.516, 0.984, 9.984], "texture": "#1"},
				"south": {"uv": [0.016, 9.516, 4.984, 9.984], "texture": "#1"},
				"west": {"uv": [4.016, 9.516, 4.984, 9.984], "texture": "#1"},
				"up": {"uv": [4.984, 9.984, 0.016, 9.016], "rotation": 180, "texture": "#1"}
			}
		},
		{
			"from": [4, 14, 2],
			"to": [7, 15, 3],
			"faces": {
				"north": {"uv": [2.016, 9.016, 3.5, 9.484], "texture": "#1"},
				"east": {"uv": [2.016, 9.016, 2.484, 9.484], "texture": "#1"},
				"south": {"uv": [2.016, 9.016, 3.5, 9.484], "texture": "#1"},
				"west": {"uv": [3.016, 9.016, 3.5, 9.484], "texture": "#1"},
				"up": {"uv": [3.5, 9.016, 2.016, 9.484], "texture": "#1"}
			}
		},
		{
			"from": [9.5, 14.5, 2.5],
			"to": [11.5, 15.5, 2.5],
			"shade": false,
			"faces": {
				"north": {"uv": [0.016, 9.016, 0.984, 9.484], "texture": "#1"},
				"south": {"uv": [0.016, 9.016, 0.984, 9.484], "texture": "#1"}
			}
		},
		{
			"from": [4.5, 14.5, 2.5],
			"to": [6.5, 15.5, 2.5],
			"shade": false,
			"faces": {
				"north": {"uv": [0.016, 9.016, 0.984, 9.484], "texture": "#1"},
				"south": {"uv": [0.016, 9.016, 0.984, 9.484], "texture": "#1"}
			}
		},
		{
			"from": [9, 14, 2],
			"to": [12, 15, 3],
			"faces": {
				"north": {"uv": [2.016, 9.016, 3.5, 9.484], "texture": "#1"},
				"east": {"uv": [2.016, 9.016, 2.484, 9.484], "texture": "#1"},
				"south": {"uv": [2.016, 9.016, 3.5, 9.484], "texture": "#1"},
				"west": {"uv": [3.016, 9.016, 3.5, 9.484], "texture": "#1"},
				"up": {"uv": [3.5, 9.016, 2.016, 9.484], "texture": "#1"}
			}
		},
		{
			"from": [3, 2, 1.5],
			"to": [13, 3, 3.5],
			"faces": {
				"north": {"uv": [4.984, 9.016, 0.016, 9.484], "texture": "#1"},
				"east": {"uv": [0.016, 9.516, 0.984, 9.984], "texture": "#1"},
				"south": {"uv": [0.016, 9.516, 4.984, 9.984], "texture": "#1"},
				"west": {"uv": [4.016, 9.516, 4.984, 9.984], "texture": "#1"},
				"down": {"uv": [4.984, 9.016, 0.016, 9.984], "rotation": 180, "texture": "#1"}
			}
		},
		{
			"from": [9, 1, 2],
			"to": [12, 2, 3],
			"faces": {
				"north": {"uv": [2.016, 9.016, 3.5, 9.484], "rotation": 180, "texture": "#1"},
				"east": {"uv": [3.016, 9.016, 3.5, 9.484], "rotation": 180, "texture": "#1"},
				"south": {"uv": [2.016, 9.016, 3.5, 9.484], "rotation": 180, "texture": "#1"},
				"west": {"uv": [2.016, 9.016, 2.484, 9.484], "rotation": 180, "texture": "#1"},
				"down": {"uv": [3.5, 9.016, 2.016, 9.484], "rotation": 180, "texture": "#1"}
			}
		},
		{
			"from": [4.5, 0.5, 2.5],
			"to": [6.5, 1.5, 2.5],
			"shade": false,
			"faces": {
				"north": {"uv": [0.016, 9.016, 0.984, 9.484], "rotation": 180, "texture": "#1"},
				"south": {"uv": [0.016, 9.016, 0.984, 9.484], "rotation": 180, "texture": "#1"}
			}
		},
		{
			"from": [9.5, 0.5, 2.5],
			"to": [11.5, 1.5, 2.5],
			"shade": false,
			"faces": {
				"north": {"uv": [0.016, 9.016, 0.984, 9.484], "rotation": 180, "texture": "#1"},
				"south": {"uv": [0.016, 9.016, 0.984, 9.484], "rotation": 180, "texture": "#1"}
			}
		},
		{
			"from": [4, 1, 2],
			"to": [7, 2, 3],
			"faces": {
				"north": {"uv": [2.016, 9.016, 3.5, 9.484], "rotation": 180, "texture": "#1"},
				"east": {"uv": [3.016, 9.016, 3.5, 9.484], "rotation": 180, "texture": "#1"},
				"south": {"uv": [2.016, 9.016, 3.5, 9.484], "rotation": 180, "texture": "#1"},
				"west": {"uv": [2.016, 9.016, 2.484, 9.484], "rotation": 180, "texture": "#1"},
				"down": {"uv": [3.5, 9.016, 2.016, 9.484], "rotation": 180, "texture": "#1"}
			}
		},
		{
			"from": [4, 4, 4],
			"to": [12, 12, 12],
			"faces": {
				"east": {"uv": [4.016, 3.984, 7.984, 0.016], "rotation": 90, "texture": "#1"},
				"south": {"uv": [0.016, 0.016, 3.984, 3.984], "texture": "#1"},
				"west": {"uv": [4.016, 3.984, 7.984, 0.016], "rotation": 270, "texture": "#1"},
				"up": {"uv": [4.016, 3.984, 7.984, 0.016], "texture": "#1"},
				"down": {"uv": [7.984, 0.016, 4.016, 3.984], "texture": "#1"}
			}
		},
		{
			"from": [12, 12, 4],
			"to": [13, 13, 12],
			"faces": {
				"east": {"uv": [0.516, 10.016, 4.484, 10.484], "texture": "#1"},
				"west": {"uv": [4.484, 10.016, 0.516, 10.484], "texture": "#1"},
				"up": {"uv": [4.484, 10.016, 0.516, 10.484], "rotation": 90, "texture": "#1"},
				"down": {"uv": [0.516, 10.016, 4.484, 10.484], "rotation": 90, "texture": "#1"}
			}
		},
		{
			"from": [3, 12, 4],
			"to": [4, 13, 12],
			"faces": {
				"east": {"uv": [4.484, 10.016, 0.516, 10.484], "texture": "#1"},
				"west": {"uv": [0.516, 10.016, 4.484, 10.484], "texture": "#1"},
				"up": {"uv": [0.516, 10.016, 4.484, 10.484], "rotation": 90, "texture": "#1"},
				"down": {"uv": [4.484, 10.016, 0.516, 10.484], "rotation": 90, "texture": "#1"}
			}
		},
		{
			"from": [3, 12, 12],
			"to": [13, 13, 13],
			"faces": {
				"north": {"uv": [4.984, 10.016, 0.016, 10.484], "texture": "#1"},
				"east": {"uv": [0.016, 10.016, 0.484, 10.484], "texture": "#1"},
				"south": {"uv": [0.016, 10.016, 4.984, 10.484], "texture": "#1"},
				"west": {"uv": [4.516, 10.016, 4.984, 10.484], "texture": "#1"},
				"up": {"uv": [0.016, 10.016, 4.984, 10.484], "texture": "#1"},
				"down": {"uv": [0.016, 10.016, 4.984, 10.484], "texture": "#1"}
			}
		},
		{
			"from": [3, 3, 12],
			"to": [13, 4, 13],
			"faces": {
				"north": {"uv": [4.984, 10.016, 0.016, 10.484], "texture": "#1"},
				"east": {"uv": [0.016, 10.016, 0.484, 10.484], "texture": "#1"},
				"south": {"uv": [0.016, 10.016, 4.984, 10.484], "texture": "#1"},
				"west": {"uv": [4.516, 10.016, 4.984, 10.484], "texture": "#1"},
				"up": {"uv": [0.016, 10.016, 4.984, 10.484], "texture": "#1"},
				"down": {"uv": [0.016, 10.016, 4.984, 10.484], "texture": "#1"}
			}
		},
		{
			"from": [3, 3, 4],
			"to": [4, 4, 12],
			"faces": {
				"east": {"uv": [4.484, 10.016, 0.516, 10.484], "texture": "#1"},
				"west": {"uv": [0.516, 10.016, 4.484, 10.484], "texture": "#1"},
				"up": {"uv": [0.516, 10.016, 4.484, 10.484], "rotation": 90, "texture": "#1"},
				"down": {"uv": [4.484, 10.016, 0.516, 10.484], "rotation": 90, "texture": "#1"}
			}
		},
		{
			"from": [12, 3, 4],
			"to": [13, 4, 12],
			"faces": {
				"east": {"uv": [0.516, 10.016, 4.484, 10.484], "texture": "#1"},
				"west": {"uv": [4.484, 10.016, 0.516, 10.484], "texture": "#1"},
				"up": {"uv": [4.484, 10.016, 0.516, 10.484], "rotation": 90, "texture": "#1"},
				"down": {"uv": [0.516, 10.016, 4.484, 10.484], "rotation": 90, "texture": "#1"}
			}
		},
		{
			"from": [1, 4, 1.5],
			"to": [2, 12, 3.5],
			"faces": {
				"north": {"uv": [8.016, 0.016, 8.484, 3.984], "texture": "#1"},
				"south": {"uv": [8.016, 0.016, 8.484, 3.984], "texture": "#1"},
				"west": {"uv": [8.016, 0.016, 8.984, 3.984], "texture": "#1"},
				"up": {"uv": [8.016, 0.484, 8.984, 0.016], "rotation": 90, "texture": "#1"},
				"down": {"uv": [8.984, 3.984, 8.016, 3.516], "rotation": 90, "texture": "#1"}
			}
		},
		{
			"from": [14, 4, 1.5],
			"to": [15, 12, 3.5],
			"faces": {
				"north": {"uv": [8.016, 0.016, 8.484, 3.984], "texture": "#1"},
				"east": {"uv": [8.016, 0.016, 8.984, 3.984], "texture": "#1"},
				"south": {"uv": [8.016, 0.016, 8.484, 3.984], "texture": "#1"},
				"up": {"uv": [8.984, 0.484, 8.016, 0.016], "rotation": 90, "texture": "#1"},
				"down": {"uv": [8.016, 3.984, 8.984, 3.516], "rotation": 90, "texture": "#1"}
			}
		},
		{
			"from": [2, 3, 1],
			"to": [14, 13, 4],
			"faces": {
				"north": {"uv": [0.016, 4.016, 5.984, 8.984], "texture": "#1"},
				"east": {"uv": [6.016, 4.016, 7.484, 8.984], "texture": "#1"},
				"south": {"uv": [5.984, 4.016, 0.016, 8.984], "texture": "#1"},
				"west": {"uv": [6.016, 4.016, 7.484, 8.984], "texture": "#1"},
				"up": {"uv": [7.516, 4.016, 8.984, 9.984], "rotation": 90, "texture": "#1"},
				"down": {"uv": [7.516, 4.016, 8.984, 9.984], "rotation": 90, "texture": "#1"}
			}
		},
		{
			"from": [4.025, 5.025, 0],
			"to": [11.975, 10.975, 1],
			"faces": {
				"north": {"uv": [1.016, 5.016, 4.984, 7.984], "texture": "#1", "cullface": "north"},
				"east": {"uv": [1.484, 5.016, 1.016, 7.984], "texture": "#1"},
				"west": {"uv": [4.984, 5.016, 4.516, 7.984], "texture": "#1"},
				"up": {"uv": [4.984, 5.016, 1.016, 5.484], "texture": "#1"},
				"down": {"uv": [4.984, 7.516, 1.016, 7.984], "texture": "#1"}
			}
		}
	],
	"groups": [
		{
			"name": "Exchangers",
			"origin": [0, 0, 0],
			"color": 0,
			"children": [0, 1, 2, 3, 4]
		},
		{
			"name": "Exchangers",
			"origin": [0, 0, 0],
			"color": 0,
			"children": [5, 6, 7, 8, 9]
		},
		{
			"name": "center",
			"origin": [8, 8, 8],
			"color": 0,
			"children": [10, 11, 12, 13, 14, 15, 16, 17, 18, 19, 20]
		}
	]
}